Workbook

Sheet QUADRO DE CARGA
A1: QUADRO DE CARGAS
A2: LOCAL: | AP2: CÁLCULOS DAS POTÊNCIAS | AS2: QUEDA DE TENSÃO | AY2: FATORES DE CORREÇÃO POR AGRUPAMENTO | BB2: FATORES DE CORREÇÃO POR TEMPERATURA | BH2: CAPACIDADE DO QUADRO (W): | BP2: =IF(BI105="","",381*BI105*0.8) -> #N/A
A3: CIRCUITOS | B3: ILUMINAÇÃO (W) | L3: TOMADAS (W) | V3: AR COND. (W) | AF3: QUADROS (VA) | AP3: TOTAL (W) | AQ3: FATOR DE POTÊNCIA | AR3: TOTAL (VA) | AU3: MÉTODO DE INSTALAÇÃO | AV3: TIPO DE ISOLANTE (PVC OU EPR,XLPE) | AW3: TENSÃO DE ISOLAÇÃO (kV) | AX3: FATOR DE DEMANDA (POR CIRCUITO) | AY3: FORMA DE AGRUPAMENTO DOS CONDUTORES | AZ3: NÚMERO DE CIRCUITOS NO MESMO ELETRODUTO OU BANDEJA | BA3: FATOR DE AGRUPAMENTO | BB3: TIPO DE LINHA | BC3: TEMPERATURA AMBIENTE (°C) | BD3: FATOR DE CORREÇÃO PARA TEMPERATURA AMBIENTE | BE3: TENSÃO (V) | BF3: CORRENTE (A) | BG3: CORRENTE CORRIGIDA (A) | BH3: DISJUNTOR | BJ3: FASES | BM3: EQUILÍBRIO DE FASES | BP3: SEÇÃO SOBRECORRENTE (mm²) | BQ3: SEÇÃO QUEDA DE TENSÃO (mm²) | BR3: SEÇÃO POR CIRCUITO (mm²) | BS3: S | BT3: DESCRIÇÃO DO CIRCUITO
AO4: 10000 | AS4: QUEDA ADMISSÍVEL (%) | AT4: COMPRIMENTO (m) | BH4: POLOS | BI4: (A) | BJ4: A | BK4: B | BL4: C | BM4: A | BN4: B | BO4: C | BU4: Seção por queda de tensão - apoio
A5: 1 | AO5: 1 | AP5: =IF(SUMPRODUCT(B5:AO5, $B$4:$AO$4)=0, "", SUMPRODUCT(B5:AO5, B$4:AO$4)) -> 10000 | AQ5: =IF(AP5="","",IF((SUM(B5:K5)+SUM(AF5:AO5))>=1,1,0.92)) -> 1 | AR5: =IF(AP5="","",ROUND((AP5/AQ5),0)) -> 10000 | AS5: 4 | AT5: 10 | AU5: G - 3VER | AV5: PVC | AW5: 0,6 kV/1 kV | AX5: 1 | AY5: Em feixe: ao ar livre ou sobre superfície; embutidos; em conduto fechado (métodos A a F) | AZ5: 1 | BA5: =INDEX(AGRUPAMENTO!C3:N7,MATCH(AY5,AGRUPAMENTO!B3:B7,0),MATCH(AZ5,AGRUPAMENTO!C2:N2,0)) -> 1 | BB5: NÃO SUBTERRÂNEA | BC5: 30 | BD5: =IF(BB5="SUBTERRÂNEA",IF(AV5="PVC",VLOOKUP(BC5,TEMPERATURA!G2:H16,2,0),VLOOKUP(BC5,TEMPERATURA!G2:I16,3,0)),IF(AV5="PVC",VLOOKUP(BC5,TEMPERATURA!B2:C16,2,0),VLOOKUP(BC5,TEMPERATURA!B2:D16,3,0))) -> 1 | BE5: =IF( AP5="", "", _xlfn.IFS( $BI$111="127/220", IF( BH5=1, 127, IF( BH5=2, ROUND(127*SQRT(3),0), IF( BH5=3, ROUND(127*SQRT(3),0), "" ) ) ), $BI$111="220/380", IF( BH5=1, 220, IF( BH5=2, ROUND(220*SQRT(3),0)-1, IF( BH5=3, ROUND(220*SQRT(3),0)-1, "" ) ) ), $BI$111="254/440", IF( BH5=1, 254, IF( BH5=2, ROUND(254*SQRT(3),0), IF( BH5=3, ROUND(254*SQRT(3),0), "" ) ) ) ) ) -> 127 | BF5: =IF(AP5="","",ROUND(AR5/IF(BH5=1,127,IF(BH5=2,220,IF(BH5=3,381,""))),1)) -> 78.7 | BG5: =(BF5*AX5)/(BD5*BA5) -> 78.7 | BH5: =IF(COUNTA(BJ5:BL5)=0,"",COUNTA(BJ5:BL5)) -> 1 | BI5: =IF(AP5="","", IF(COUNTA(V5:AE5)>=1, MAX(IFERROR(_xlfn.AGGREGATE(15,6,DISJUNTORES!$C$2:$C$100/(DISJUNTORES!$C$2:$C$100>=BG5),1),""),25), IF(COUNTA(L5:U5)>=1, MAX(IFERROR(_xlfn.AGGREGATE(15,6,DISJUNTORES!$C$2:$C$100/(DISJUNTORES!$C$2:$C$100>=BG5),1),""),20), IF(COUNTA(B5:K5)>=1, MAX(IFERROR(_xlfn.AGGREGATE(15,6,DISJUNTORES!$C$2:$C$100/(DISJUNTORES!$C$2:$C$100>=BG5),1),""),16), IFERROR(_xlfn.AGGREGATE(15,6,DISJUNTORES!$C$2:$C$100/(DISJUNTORES!$C$2:$C$100>=BG5),1),""))))) -> 80 | BJ5: x | BM5: =IF(IF(BJ5="","",AR5/COUNTA(BJ5:BL5))=0,"",IF(BJ5="","",AR5/COUNTA(BJ5:BL5))) -> 10000 | BN5: =IF(IF(BK5="","",AR5/COUNTA(BJ5:BL5))=0,"",IF(BK5="","",AR5/COUNTA(BJ5:BL5))) | BO5: =IF(IF(BL5="","",AR5/COUNTA(BJ5:BL5))=0,"",IF(BL5="","",AR5/COUNTA(BJ5:BL5))) | BP5: =INDEX('CAP CONDUÇÃO 70º'!W2:AP25,MATCH(BI5,'CAP CONDUÇÃO 70º'!W2:AP25,1)+1) -> #N/A | BQ5: =IF(AV5="PVC",INDEX('CAP CONDUÇÃO 70º'!A4:A27,MATCH(BU5,'CAP CONDUÇÃO 70º'!A4:A27,1)+1),INDEX('CAP CONDUÇÃO 90º'!A4:A27,MATCH(BU5,'CAP CONDUÇÃO 90º'!A4:A27,1)+1)) -> 6 | BR5: =IF(CONTARVALORES(L5:AO5)>0, MAX(2.5, MAX(BP5:BQ5)), MAX(1.5, MAX(BP5:BQ5))) -> #NAME? | BS5: =IFERROR(IF(BP5="","","3F#"&BR5&"mm²+N"&VLOOKUP($BR$5,NEUTRO!$A:$B,2,0)&"mm²+T"&VLOOKUP($BR$5,TERRA!$A:$B,2,0)&"mm²"),"") | BU5: =_xlfn.IFS( BH5=1, (100*2*AT5*BG5*(1/58))/(AS5*BE5), BH5=2, (100*2*AT5*BG5*(1/58))/(AS5*BE5), BH5=3, (100*SQRT(3)*AT5*BG5*(1/58))/(AS5*BE5) ) -> 5.3421124
A6: 2 | AO6: 2 | AP6: =IF(SUMPRODUCT(B6:AO6, B$4:AO$4)=0, "", SUMPRODUCT(B6:AO6, B$4:AO$4)) -> 20000 | AQ6: =IF(AP6="","",IF((SUM(B6:K6)+SUM(AF6:AO6))>=1,1,0.92)) -> 1 | AR6: =IF(AP6="","",ROUND((AP6/AQ6),0)) -> 20000 | AY6: Em feixe: ao ar livre ou sobre superfície; embutidos; em conduto fechado (métodos A a F) | AZ6: 1 | BA6: =INDEX(AGRUPAMENTO!C4:N8,MATCH(AY6,AGRUPAMENTO!B4:B8,0),MATCH(AZ6,AGRUPAMENTO!C3:N3,0)) -> #N/A | BB6: NÃO SUBTERRÂNEA | BC6: 30 | BD6: =IF(BB6="SUBTERRÂNEA",IF(AV6="PVC",VLOOKUP(BC6,TEMPERATURA!G3:H17,2,0),VLOOKUP(BC6,TEMPERATURA!G3:I17,3,0)),IF(AV6="PVC",VLOOKUP(BC6,TEMPERATURA!B3:C17,2,0),VLOOKUP(BC6,TEMPERATURA!B3:D17,3,0))) -> 1 | BE6: =IF( AP6="", "", _xlfn.IFS( $BI$111="127/220", IF( BH6=1, 127, IF( BH6=2, ROUND(127*SQRT(3),0), IF( BH6=3, ROUND(127*SQRT(3),0), "" ) ) ), $BI$111="220/380", IF( BH6=1, 220, IF( BH6=2, ROUND(220*SQRT(3),0)-1, IF( BH6=3, ROUND(220*SQRT(3),0)-1, "" ) ) ), $BI$111="254/440", IF( BH6=1, 254, IF( BH6=2, ROUND(254*SQRT(3),0), IF( BH6=3, ROUND(254*SQRT(3),0), "" ) ) ) ) ) -> 127 | BF6: =IF(AP6="","",ROUND(AR6/IF(BH6=1,127,IF(BH6=2,220,IF(BH6=3,381,""))),1)) -> 157.5 | BG6: =(BF6*AX6)/(BD6*BA6) -> #N/A | BH6: =IF(COUNTA(BJ6:BL6)=0,"",COUNTA(BJ6:BL6)) -> 1 | BI6: =IF(AP6="","", IF(COUNTA(V6:AE6)>=1, MAX(IFERROR(_xlfn.AGGREGATE(15,6,DISJUNTORES!$C$2:$C$100/(DISJUNTORES!$C$2:$C$100>=BF6),1),""),25), IF(COUNTA(L6:U6)>=1, MAX(IFERROR(_xlfn.AGGREGATE(15,6,DISJUNTORES!$C$2:$C$100/(DISJUNTORES!$C$2:$C$100>=BF6),1),""),20), IF(COUNTA(A6:K6)>=1, MAX(IFERROR(_xlfn.AGGREGATE(15,6,DISJUNTORES!$C$2:$C$100/(DISJUNTORES!$C$2:$C$100>=BF6),1),""),16), IFERROR(_xlfn.AGGREGATE(15,6,DISJUNTORES!$C$2:$C$100/(DISJUNTORES!$C$2:$C$100>=BF6),1),""))))) -> 175 | BJ6: x | BM6: =IF(IF(BJ6="","",AR6/COUNTA(BJ6:BL6))=0,"",IF(BJ6="","",AR6/COUNTA(BJ6:BL6))) -> 20000 | BN6: =IF(IF(BK6="","",AR6/COUNTA(BJ6:BL6))=0,"",IF(BK6="","",AR6/COUNTA(BJ6:BL6))) | BO6: =IF(IF(BL6="","",AR6/COUNTA(BJ6:BL6))=0,"",IF(BL6="","",AR6/COUNTA(BJ6:BL6))) | BP6: {=IFERROR( INDEX( IF(AV6="PVC", 'CAP CONDUÇÃO 70º'!$A:$A, 'CAP CONDUÇÃO 90º'!$A:$A), IF( COUNTIF( IF(AV6="PVC", CHOOSE( MATCH(AU6, {"A1 - 2";"A1 - 3";"A2 - 2";"A2 - 3";"B1 - 2";"B1 - 3";"B2 - 2";"B2 - 3";"C - 2";"C - 3";"D - 2";"D - 3";"E - 2";"E - 3";"F - 2";"F - 3TRI";"F - 3JUST";"G - 3HOR";"G - 3VER"}, 0), 'CAP CONDUÇÃO 70º'!$B:$B, 'CAP CONDUÇÃO 70º'!$C:$C, 'CAP CONDUÇÃO 70º'!$D:$D, 'CAP CONDUÇÃO 70º'!$E:$E, 'CAP CONDUÇÃO 70º'!$F:$F, 'CAP CONDUÇÃO 70º'!$G:$G, 'CAP CONDUÇÃO 70º'!$H:$H, 'CAP CONDUÇÃO 70º'!$I:$I, 'CAP CONDUÇÃO 70º'!$J:$J, 'CAP CONDUÇÃO 70º'!$K:$K, 'CAP CONDUÇÃO 70º'!$L:$L, 'CAP CONDUÇÃO 70º'!$M:$M, 'CAP CONDUÇÃO 70º'!$N:$N, 'CAP CONDUÇÃO 70º'!$O:$O, 'CAP CONDUÇÃO 70º'!$P:$P, 'CAP CONDUÇÃO 70º'!$Q:$Q, 'CAP CONDUÇÃO 70º'!$R:$R, 'CAP CONDUÇÃO 70º'!$S:$S, 'CAP CONDUÇÃO 70º'!$T:$T ), CHOOSE( MATCH(AU6, {"A1 - 2";"A1 - 3";"A2 - 2";"A2 - 3";"B1 - 2";"B1 - 3";"B2 - 2";"B2 - 3";"C - 2";"C - 3";"D - 2";"D - 3";"E - 2";"E - 3";"F - 2";"F - 3TRI";"F - 3JUST";"G - 3HOR";"G - 3VER"}, 0), 'CAP CONDUÇÃO 90º'!$B:$B, 'CAP CONDUÇÃO 90º'!$C:$C, 'CAP CONDUÇÃO 90º'!$D:$D, 'CAP CONDUÇÃO 90º'!$E:$E, 'CAP CONDUÇÃO 90º'!$F:$F, 'CAP CONDUÇÃO 90º'!$G:$G, 'CAP CONDUÇÃO 90º'!$H:$H, 'CAP CONDUÇÃO 90º'!$I:$I, 'CAP CONDUÇÃO 90º'!$J:$J, 'CAP CONDUÇÃO 90º'!$K:$K, 'CAP CONDUÇÃO 90º'!$L:$L, 'CAP CONDUÇÃO 90º'!$M:$M, 'CAP CONDUÇÃO 90º'!$N:$N, 'CAP CONDUÇÃO 90º'!$O:$O, 'CAP CONDUÇÃO 90º'!$P:$P, 'CAP CONDUÇÃO 90º'!$Q:$Q, 'CAP CONDUÇÃO 90º'!$R:$R, 'CAP CONDUÇÃO 90º'!$S:$S, 'CAP CONDUÇÃO 90º'!$T:$T ) ), BI6 ) > 0, MATCH(BI6, IF(AV6="PVC", CHOOSE( MATCH(AU6, {"A1 - 2";"A1 - 3";"A2 - 2";"A2 - 3";"B1 - 2";"B1 - 3";"B2 - 2";"B2 - 3";"C - 2";"C - 3";"D - 2";"D - 3";"E - 2";"E - 3";"F - 2";"F - 3TRI";"F - 3JUST";"G - 3HOR";"G - 3VER"}, 0), 'CAP CONDUÇÃO 70º'!$B:$B, 'CAP CONDUÇÃO 70º'!$C:$C, 'CAP CONDUÇÃO 70º'!$D:$D, 'CAP CONDUÇÃO 70º'!$E:$E, 'CAP CONDUÇÃO 70º'!$F:$F, 'CAP CONDUÇÃO 70º'!$G:$G, 'CAP CONDUÇÃO 70º'!$H:$H, 'CAP CONDUÇÃO 70º'!$I:$I, 'CAP CONDUÇÃO 70º'!$J:$J, 'CAP CONDUÇÃO 70º'!$K:$K, 'CAP CONDUÇÃO 70º'!$L:$L, 'CAP CONDUÇÃO 70º'!$M:$M, 'CAP CONDUÇÃO 70º'!$N:$N, 'CAP CONDUÇÃO 70º'!$O:$O, 'CAP CONDUÇÃO 70º'!$P:$P, 'CAP CONDUÇÃO 70º'!$Q:$Q, 'CAP CONDUÇÃO 70º'!$R:$R, 'CAP CONDUÇÃO 70º'!$S:$S, 'CAP CONDUÇÃO 70º'!$T:$T ), CHOOSE( MATCH(AU6, {"A1 - 2";"A1 - 3";"A2 - 2";"A2 - 3";"B1 - 2";"B1 - 3";"B2 - 2";"B2 - 3";"C - 2";"C - 3";"D - 2";"D - 3";"E - 2";"E - 3";"F - 2";"F - 3TRI";"F - 3JUST";"G - 3HOR";"G - 3VER"}, 0), 'CAP CONDUÇÃO 90º'!$B:$B, 'CAP CONDUÇÃO 90º'!$C:$C, 'CAP CONDUÇÃO 90º'!$D:$D, 'CAP CONDUÇÃO 90º'!$E:$E, 'CAP CONDUÇÃO 90º'!$F:$F, 'CAP CONDUÇÃO 90º'!$G:$G, 'CAP CONDUÇÃO 90º'!$H:$H, 'CAP CONDUÇÃO 90º'!$I:$I, 'CAP CONDUÇÃO 90º'!$J:$J, 'CAP CONDUÇÃO 90º'!$K:$K, 'CAP CONDUÇÃO 90º'!$L:$L, 'CAP CONDUÇÃO 90º'!$M:$M, 'CAP CONDUÇÃO 90º'!$N:$N, 'CAP CONDUÇÃO 90º'!$O:$O, 'CAP CONDUÇÃO 90º'!$P:$P, 'CAP CONDUÇÃO 90º'!$Q:$Q, 'CAP CONDUÇÃO 90º'!$R:$R, 'CAP CONDUÇÃO 90º'!$S:$S, 'CAP CONDUÇÃO 90º'!$T:$T ) ), 0 ), MATCH(BI6, IF(AV6="PVC", CHOOSE( MATCH(AU6, {"A1 - 2";"A1 - 3";"A2 - 2";"A2 - 3";"B1 - 2";"B1 - 3";"B2 - 2";"B2 - 3";"C - 2";"C - 3";"D - 2";"D - 3";"E - 2";"E - 3";"F - 2";"F - 3TRI";"F - 3JUST";"G - 3HOR";"G - 3VER"}, 0), 'CAP CONDUÇÃO 70º'!$B:$B, 'CAP CONDUÇÃO 70º'!$C:$C, 'CAP CONDUÇÃO 70º'!$D:$D, 'CAP CONDUÇÃO 70º'!$E:$E, 'CAP CONDUÇÃO 70º'!$F:$F, 'CAP CONDUÇÃO 70º'!$G:$G, 'CAP CONDUÇÃO 70º'!$H:$H, 'CAP CONDUÇÃO 70º'!$I:$I, 'CAP CONDUÇÃO 70º'!$J:$J, 'CAP CONDUÇÃO 70º'!$K:$K, 'CAP CONDUÇÃO 70º'!$L:$L, 'CAP CONDUÇÃO 70º'!$M:$M, 'CAP CONDUÇÃO 70º'!$N:$N, 'CAP CONDUÇÃO 70º'!$O:$O, 'CAP CONDUÇÃO 70º'!$P:$P, 'CAP CONDUÇÃO 70º'!$Q:$Q, 'CAP CONDUÇÃO 70º'!$R:$R, 'CAP CONDUÇÃO 70º'!$S:$S, 'CAP CONDUÇÃO 70º'!$T:$T ), CHOOSE( MATCH(AU6, {"A1 - 2";"A1 - 3";"A2 - 2";"A2 - 3";"B1 - 2";"B1 - 3";"B2 - 2";"B2 - 3";"C - 2";"C - 3";"D - 2";"D - 3";"E - 2";"E - 3";"F - 2";"F - 3TRI";"F - 3JUST";"G - 3HOR";"G - 3VER"}, 0), 'CAP CONDUÇÃO 90º'!$B:$B, 'CAP CONDUÇÃO 90º'!$C:$C, 'CAP CONDUÇÃO 90º'!$D:$D, 'CAP CONDUÇÃO 90º'!$E:$E, 'CAP CONDUÇÃO 90º'!$F:$F, 'CAP CONDUÇÃO 90º'!$G:$G, 'CAP CONDUÇÃO 90º'!$H:$H, 'CAP CONDUÇÃO 90º'!$I:$I, 'CAP CONDUÇÃO 90º'!$J:$J, 'CAP CONDUÇÃO 90º'!$K:$K, 'CAP CONDUÇÃO 90º'!$L:$L, 'CAP CONDUÇÃO 90º'!$M:$M, 'CAP CONDUÇÃO 90º'!$N:$N, 'CAP CONDUÇÃO 90º'!$O:$O, 'CAP CONDUÇÃO 90º'!$P:$P, 'CAP CONDUÇÃO 90º'!$Q:$Q, 'CAP CONDUÇÃO 90º'!$R:$R, 'CAP CONDUÇÃO 90º'!$S:$S, 'CAP CONDUÇÃO 90º'!$T:$T ) ), 1 ) + 1 ) ), "Não há valor maior ou igual" )} -> Não há valor maior ou igual | BS6: =IFERROR(IF(BP6="","","3F#"&BR6&"mm²+N"&VLOOKUP($BR$5,NEUTRO!$A:$B,2,0)&"mm²+T"&VLOOKUP($BR$5,TERRA!$A:$B,2,0)&"mm²"),"")
A7: 3 | AO7: 3 | AP7: =IF(SUMPRODUCT(B7:AO7, B$4:AO$4)=0, "", SUMPRODUCT(B7:AO7, B$4:AO$4)) -> 30000 | AQ7: =IF(AP7="","",IF((SUM(B7:K7)+SUM(AF7:AO7))>=1,1,0.92)) -> 1 | AR7: =IF(AP7="","",ROUND((AP7/AQ7),0)) -> 30000 | AY7: Em feixe: ao ar livre ou sobre superfície; embutidos; em conduto fechado (métodos A a F) | AZ7: 1 | BA7: =INDEX(AGRUPAMENTO!C5:N9,MATCH(AY7,AGRUPAMENTO!B5:B9,0),MATCH(AZ7,AGRUPAMENTO!C4:N4,0)) -> #N/A | BB7: NÃO SUBTERRÂNEA | BC7: 30 | BD7: =IF(BB7="SUBTERRÂNEA",IF(AV7="PVC",VLOOKUP(BC7,TEMPERATURA!G4:H18,2,0),VLOOKUP(BC7,TEMPERATURA!G4:I18,3,0)),IF(AV7="PVC",VLOOKUP(BC7,TEMPERATURA!B4:C18,2,0),VLOOKUP(BC7,TEMPERATURA!B4:D18,3,0))) -> 1 | BE7: =IF( AP7="", "", _xlfn.IFS( $BI$111="127/220", IF( BH7=1, 127, IF( BH7=2, ROUND(127*SQRT(3),0), IF( BH7=3, ROUND(127*SQRT(3),0), "" ) ) ), $BI$111="220/380", IF( BH7=1, 220, IF( BH7=2, ROUND(220*SQRT(3),0)-1, IF( BH7=3, ROUND(220*SQRT(3),0)-1, "" ) ) ), $BI$111="254/440", IF( BH7=1, 254, IF( BH7=2, ROUND(254*SQRT(3),0), IF( BH7=3, ROUND(254*SQRT(3),0), "" ) ) ) ) ) -> 127 | BF7: =IF(AP7="","",ROUND(AR7/IF(BH7=1,127,IF(BH7=2,220,IF(BH7=3,381,""))),1)) -> 236.2 | BG7: =(BF7*AX7)/(BD7*BA7) -> #N/A | BH7: =IF(COUNTA(BJ7:BL7)=0,"",COUNTA(BJ7:BL7)) -> 1 | BI7: =IF(AP7="","", IF(COUNTA(V7:AE7)>=1, MAX(IFERROR(_xlfn.AGGREGATE(15,6,DISJUNTORES!$C$2:$C$100/(DISJUNTORES!$C$2:$C$100>=BF7),1),""),25), IF(COUNTA(L7:U7)>=1, MAX(IFERROR(_xlfn.AGGREGATE(15,6,DISJUNTORES!$C$2:$C$100/(DISJUNTORES!$C$2:$C$100>=BF7),1),""),20), IF(COUNTA(A7:K7)>=1, MAX(IFERROR(_xlfn.AGGREGATE(15,6,DISJUNTORES!$C$2:$C$100/(DISJUNTORES!$C$2:$C$100>=BF7),1),""),16), IFERROR(_xlfn.AGGREGATE(15,6,DISJUNTORES!$C$2:$C$100/(DISJUNTORES!$C$2:$C$100>=BF7),1),""))))) -> 250 | BJ7: x | BM7: =IF(IF(BJ7="","",AR7/COUNTA(BJ7:BL7))=0,"",IF(BJ7="","",AR7/COUNTA(BJ7:BL7))) -> 30000 | BN7: =IF(IF(BK7="","",AR7/COUNTA(BJ7:BL7))=0,"",IF(BK7="","",AR7/COUNTA(BJ7:BL7))) | BO7: =IF(IF(BL7="","",AR7/COUNTA(BJ7:BL7))=0,"",IF(BL7="","",AR7/COUNTA(BJ7:BL7))) | BP7: {=IFERROR( INDEX( IF(AV7="PVC", 'CAP CONDUÇÃO 70º'!$A:$A, 'CAP CONDUÇÃO 90º'!$A:$A), IF( COUNTIF( IF(AV7="PVC", CHOOSE( MATCH(AU7, {"A1 - 2";"A1 - 3";"A2 - 2";"A2 - 3";"B1 - 2";"B1 - 3";"B2 - 2";"B2 - 3";"C - 2";"C - 3";"D - 2";"D - 3";"E - 2";"E - 3";"F - 2";"F - 3TRI";"F - 3JUST";"G - 3HOR";"G - 3VER"}, 0), 'CAP CONDUÇÃO 70º'!$B:$B, 'CAP CONDUÇÃO 70º'!$C:$C, 'CAP CONDUÇÃO 70º'!$D:$D, 'CAP CONDUÇÃO 70º'!$E:$E, 'CAP CONDUÇÃO 70º'!$F:$F, 'CAP CONDUÇÃO 70º'!$G:$G, 'CAP CONDUÇÃO 70º'!$H:$H, 'CAP CONDUÇÃO 70º'!$I:$I, 'CAP CONDUÇÃO 70º'!$J:$J, 'CAP CONDUÇÃO 70º'!$K:$K, 'CAP CONDUÇÃO 70º'!$L:$L, 'CAP CONDUÇÃO 70º'!$M:$M, 'CAP CONDUÇÃO 70º'!$N:$N, 'CAP CONDUÇÃO 70º'!$O:$O, 'CAP CONDUÇÃO 70º'!$P:$P, 'CAP CONDUÇÃO 70º'!$Q:$Q, 'CAP CONDUÇÃO 70º'!$R:$R, 'CAP CONDUÇÃO 70º'!$S:$S, 'CAP CONDUÇÃO 70º'!$T:$T ), CHOOSE( MATCH(AU7, {"A1 - 2";"A1 - 3";"A2 - 2";"A2 - 3";"B1 - 2";"B1 - 3";"B2 - 2";"B2 - 3";"C - 2";"C - 3";"D - 2";"D - 3";"E - 2";"E - 3";"F - 2";"F - 3TRI";"F - 3JUST";"G - 3HOR";"G - 3VER"}, 0), 'CAP CONDUÇÃO 90º'!$B:$B, 'CAP CONDUÇÃO 90º'!$C:$C, 'CAP CONDUÇÃO 90º'!$D:$D, 'CAP CONDUÇÃO 90º'!$E:$E, 'CAP CONDUÇÃO 90º'!$F:$F, 'CAP CONDUÇÃO 90º'!$G:$G, 'CAP CONDUÇÃO 90º'!$H:$H, 'CAP CONDUÇÃO 90º'!$I:$I, 'CAP CONDUÇÃO 90º'!$J:$J, 'CAP CONDUÇÃO 90º'!$K:$K, 'CAP CONDUÇÃO 90º'!$L:$L, 'CAP CONDUÇÃO 90º'!$M:$M, 'CAP CONDUÇÃO 90º'!$N:$N, 'CAP CONDUÇÃO 90º'!$O:$O, 'CAP CONDUÇÃO 90º'!$P:$P, 'CAP CONDUÇÃO 90º'!$Q:$Q, 'CAP CONDUÇÃO 90º'!$R:$R, 'CAP CONDUÇÃO 90º'!$S:$S, 'CAP CONDUÇÃO 90º'!$T:$T ) ), BI7 ) > 0, MATCH(BI7, IF(AV7="PVC", CHOOSE( MATCH(AU7, {"A1 - 2";"A1 - 3";"A2 - 2";"A2 - 3";"B1 - 2";"B1 - 3";"B2 - 2";"B2 - 3";"C - 2";"C - 3";"D - 2";"D - 3";"E - 2";"E - 3";"F - 2";"F - 3TRI";"F - 3JUST";"G - 3HOR";"G - 3VER"}, 0), 'CAP CONDUÇÃO 70º'!$B:$B, 'CAP CONDUÇÃO 70º'!$C:$C, 'CAP CONDUÇÃO 70º'!$D:$D, 'CAP CONDUÇÃO 70º'!$E:$E, 'CAP CONDUÇÃO 70º'!$F:$F, 'CAP CONDUÇÃO 70º'!$G:$G, 'CAP CONDUÇÃO 70º'!$H:$H, 'CAP CONDUÇÃO 70º'!$I:$I, 'CAP CONDUÇÃO 70º'!$J:$J, 'CAP CONDUÇÃO 70º'!$K:$K, 'CAP CONDUÇÃO 70º'!$L:$L, 'CAP CONDUÇÃO 70º'!$M:$M, 'CAP CONDUÇÃO 70º'!$N:$N, 'CAP CONDUÇÃO 70º'!$O:$O, 'CAP CONDUÇÃO 70º'!$P:$P, 'CAP CONDUÇÃO 70º'!$Q:$Q, 'CAP CONDUÇÃO 70º'!$R:$R, 'CAP CONDUÇÃO 70º'!$S:$S, 'CAP CONDUÇÃO 70º'!$T:$T ), CHOOSE( MATCH(AU7, {"A1 - 2";"A1 - 3";"A2 - 2";"A2 - 3";"B1 - 2";"B1 - 3";"B2 - 2";"B2 - 3";"C - 2";"C - 3";"D - 2";"D - 3";"E - 2";"E - 3";"F - 2";"F - 3TRI";"F - 3JUST";"G - 3HOR";"G - 3VER"}, 0), 'CAP CONDUÇÃO 90º'!$B:$B, 'CAP CONDUÇÃO 90º'!$C:$C, 'CAP CONDUÇÃO 90º'!$D:$D, 'CAP CONDUÇÃO 90º'!$E:$E, 'CAP CONDUÇÃO 90º'!$F:$F, 'CAP CONDUÇÃO 90º'!$G:$G, 'CAP CONDUÇÃO 90º'!$H:$H, 'CAP CONDUÇÃO 90º'!$I:$I, 'CAP CONDUÇÃO 90º'!$J:$J, 'CAP CONDUÇÃO 90º'!$K:$K, 'CAP CONDUÇÃO 90º'!$L:$L, 'CAP CONDUÇÃO 90º'!$M:$M, 'CAP CONDUÇÃO 90º'!$N:$N, 'CAP CONDUÇÃO 90º'!$O:$O, 'CAP CONDUÇÃO 90º'!$P:$P, 'CAP CONDUÇÃO 90º'!$Q:$Q, 'CAP CONDUÇÃO 90º'!$R:$R, 'CAP CONDUÇÃO 90º'!$S:$S, 'CAP CONDUÇÃO 90º'!$T:$T ) ), 0 ), MATCH(BI7, IF(AV7="PVC", CHOOSE( MATCH(AU7, {"A1 - 2";"A1 - 3";"A2 - 2";"A2 - 3";"B1 - 2";"B1 - 3";"B2 - 2";"B2 - 3";"C - 2";"C - 3";"D - 2";"D - 3";"E - 2";"E - 3";"F - 2";"F - 3TRI";"F - 3JUST";"G - 3HOR";"G - 3VER"}, 0), 'CAP CONDUÇÃO 70º'!$B:$B, 'CAP CONDUÇÃO 70º'!$C:$C, 'CAP CONDUÇÃO 70º'!$D:$D, 'CAP CONDUÇÃO 70º'!$E:$E, 'CAP CONDUÇÃO 70º'!$F:$F, 'CAP CONDUÇÃO 70º'!$G:$G, 'CAP CONDUÇÃO 70º'!$H:$H, 'CAP CONDUÇÃO 70º'!$I:$I, 'CAP CONDUÇÃO 70º'!$J:$J, 'CAP CONDUÇÃO 70º'!$K:$K, 'CAP CONDUÇÃO 70º'!$L:$L, 'CAP CONDUÇÃO 70º'!$M:$M, 'CAP CONDUÇÃO 70º'!$N:$N, 'CAP CONDUÇÃO 70º'!$O:$O, 'CAP CONDUÇÃO 70º'!$P:$P, 'CAP CONDUÇÃO 70º'!$Q:$Q, 'CAP CONDUÇÃO 70º'!$R:$R, 'CAP CONDUÇÃO 70º'!$S:$S, 'CAP CONDUÇÃO 70º'!$T:$T ), CHOOSE( MATCH(AU7, {"A1 - 2";"A1 - 3";"A2 - 2";"A2 - 3";"B1 - 2";"B1 - 3";"B2 - 2";"B2 - 3";"C - 2";"C - 3";"D - 2";"D - 3";"E - 2";"E - 3";"F - 2";"F - 3TRI";"F - 3JUST";"G - 3HOR";"G - 3VER"}, 0), 'CAP CONDUÇÃO 90º'!$B:$B, 'CAP CONDUÇÃO 90º'!$C:$C, 'CAP CONDUÇÃO 90º'!$D:$D, 'CAP CONDUÇÃO 90º'!$E:$E, 'CAP CONDUÇÃO 90º'!$F:$F, 'CAP CONDUÇÃO 90º'!$G:$G, 'CAP CONDUÇÃO 90º'!$H:$H, 'CAP CONDUÇÃO 90º'!$I:$I, 'CAP CONDUÇÃO 90º'!$J:$J, 'CAP CONDUÇÃO 90º'!$K:$K, 'CAP CONDUÇÃO 90º'!$L:$L, 'CAP CONDUÇÃO 90º'!$M:$M, 'CAP CONDUÇÃO 90º'!$N:$N, 'CAP CONDUÇÃO 90º'!$O:$O, 'CAP CONDUÇÃO 90º'!$P:$P, 'CAP CONDUÇÃO 90º'!$Q:$Q, 'CAP CONDUÇÃO 90º'!$R:$R, 'CAP CONDUÇÃO 90º'!$S:$S, 'CAP CONDUÇÃO 90º'!$T:$T ) ), 1 ) + 1 ) ), "Não há valor maior ou igual" )} -> Não há valor maior ou igual | BS7: =IFERROR(IF(BP7="","","3F#"&BR7&"mm²+N"&VLOOKUP($BR$5,NEUTRO!$A:$B,2,0)&"mm²+T"&VLOOKUP($BR$5,TERRA!$A:$B,2,0)&"mm²"),"")
A8: 4 | AN8: 4 | AP8: =IF(SUMPRODUCT(B8:AO8, B$4:AO$4)=0, "", SUMPRODUCT(B8:AO8, B$4:AO$4)) | AQ8: =IF(AP8="","",IF((SUM(B8:K8)+SUM(AF8:AO8))>=1,1,0.92)) | AR8: =IF(AP8="","",ROUND((AP8/AQ8),0)) | AY8: Em feixe: ao ar livre ou sobre superfície; embutidos; em conduto fechado (métodos A a F) | AZ8: 1 | BA8: =INDEX(AGRUPAMENTO!C6:N10,MATCH(AY8,AGRUPAMENTO!B6:B10,0),MATCH(AZ8,AGRUPAMENTO!C5:N5,0)) -> #N/A | BB8: NÃO SUBTERRÂNEA | BC8: 30 | BD8: =IF(BB8="SUBTERRÂNEA",IF(AV8="PVC",VLOOKUP(BC8,TEMPERATURA!G5:H19,2,0),VLOOKUP(BC8,TEMPERATURA!G5:I19,3,0)),IF(AV8="PVC",VLOOKUP(BC8,TEMPERATURA!B5:C19,2,0),VLOOKUP(BC8,TEMPERATURA!B5:D19,3,0))) -> 1 | BE8: =IF( AP8="", "", _xlfn.IFS( $BI$111="127/220", IF( BH8=1, 127, IF( BH8=2, ROUND(127*SQRT(3),0), IF( BH8=3, ROUND(127*SQRT(3),0), "" ) ) ), $BI$111="220/380", IF( BH8=1, 220, IF( BH8=2, ROUND(220*SQRT(3),0)-1, IF( BH8=3, ROUND(220*SQRT(3),0)-1, "" ) ) ), $BI$111="254/440", IF( BH8=1, 254, IF( BH8=2, ROUND(254*SQRT(3),0), IF( BH8=3, ROUND(254*SQRT(3),0), "" ) ) ) ) ) | BF8: =IF(AP8="","",ROUND(AR8/IF(BH8=1,127,IF(BH8=2,220,IF(BH8=3,381,""))),1)) | BG8: =(BF8*AX8)/(BD8*BA8) -> #VALUE! | BH8: =IF(COUNTA(BJ8:BL8)=0,"",COUNTA(BJ8:BL8)) -> 1 | BI8: =IF(AP8="","", IF(COUNTA(V8:AE8)>=1, MAX(IFERROR(_xlfn.AGGREGATE(15,6,DISJUNTORES!$C$2:$C$100/(DISJUNTORES!$C$2:$C$100>=BF8),1),""),25), IF(COUNTA(L8:U8)>=1, MAX(IFERROR(_xlfn.AGGREGATE(15,6,DISJUNTORES!$C$2:$C$100/(DISJUNTORES!$C$2:$C$100>=BF8),1),""),20), IF(COUNTA(A8:K8)>=1, MAX(IFERROR(_xlfn.AGGREGATE(15,6,DISJUNTORES!$C$2:$C$100/(DISJUNTORES!$C$2:$C$100>=BF8),1),""),16), IFERROR(_xlfn.AGGREGATE(15,6,DISJUNTORES!$C$2:$C$100/(DISJUNTORES!$C$2:$C$100>=BF8),1),""))))) | BJ8: x | BM8: =IF(IF(BJ8="","",AR8/COUNTA(BJ8:BL8))=0,"",IF(BJ8="","",AR8/COUNTA(BJ8:BL8))) -> #VALUE! | BN8: =IF(IF(BK8="","",AR8/COUNTA(BJ8:BL8))=0,"",IF(BK8="","",AR8/COUNTA(BJ8:BL8))) | BO8: =IF(IF(BL8="","",AR8/COUNTA(BJ8:BL8))=0,"",IF(BL8="","",AR8/COUNTA(BJ8:BL8))) | BP8: {=IFERROR( INDEX( IF(AV8="PVC", 'CAP CONDUÇÃO 70º'!$A:$A, 'CAP CONDUÇÃO 90º'!$A:$A), IF( COUNTIF( IF(AV8="PVC", CHOOSE( MATCH(AU8, {"A1 - 2";"A1 - 3";"A2 - 2";"A2 - 3";"B1 - 2";"B1 - 3";"B2 - 2";"B2 - 3";"C - 2";"C - 3";"D - 2";"D - 3";"E - 2";"E - 3";"F - 2";"F - 3TRI";"F - 3JUST";"G - 3HOR";"G - 3VER"}, 0), 'CAP CONDUÇÃO 70º'!$B:$B, 'CAP CONDUÇÃO 70º'!$C:$C, 'CAP CONDUÇÃO 70º'!$D:$D, 'CAP CONDUÇÃO 70º'!$E:$E, 'CAP CONDUÇÃO 70º'!$F:$F, 'CAP CONDUÇÃO 70º'!$G:$G, 'CAP CONDUÇÃO 70º'!$H:$H, 'CAP CONDUÇÃO 70º'!$I:$I, 'CAP CONDUÇÃO 70º'!$J:$J, 'CAP CONDUÇÃO 70º'!$K:$K, 'CAP CONDUÇÃO 70º'!$L:$L, 'CAP CONDUÇÃO 70º'!$M:$M, 'CAP CONDUÇÃO 70º'!$N:$N, 'CAP CONDUÇÃO 70º'!$O:$O, 'CAP CONDUÇÃO 70º'!$P:$P, 'CAP CONDUÇÃO 70º'!$Q:$Q, 'CAP CONDUÇÃO 70º'!$R:$R, 'CAP CONDUÇÃO 70º'!$S:$S, 'CAP CONDUÇÃO 70º'!$T:$T ), CHOOSE( MATCH(AU8, {"A1 - 2";"A1 - 3";"A2 - 2";"A2 - 3";"B1 - 2";"B1 - 3";"B2 - 2";"B2 - 3";"C - 2";"C - 3";"D - 2";"D - 3";"E - 2";"E - 3";"F - 2";"F - 3TRI";"F - 3JUST";"G - 3HOR";"G - 3VER"}, 0), 'CAP CONDUÇÃO 90º'!$B:$B, 'CAP CONDUÇÃO 90º'!$C:$C, 'CAP CONDUÇÃO 90º'!$D:$D, 'CAP CONDUÇÃO 90º'!$E:$E, 'CAP CONDUÇÃO 90º'!$F:$F, 'CAP CONDUÇÃO 90º'!$G:$G, 'CAP CONDUÇÃO 90º'!$H:$H, 'CAP CONDUÇÃO 90º'!$I:$I, 'CAP CONDUÇÃO 90º'!$J:$J, 'CAP CONDUÇÃO 90º'!$K:$K, 'CAP CONDUÇÃO 90º'!$L:$L, 'CAP CONDUÇÃO 90º'!$M:$M, 'CAP CONDUÇÃO 90º'!$N:$N, 'CAP CONDUÇÃO 90º'!$O:$O, 'CAP CONDUÇÃO 90º'!$P:$P, 'CAP CONDUÇÃO 90º'!$Q:$Q, 'CAP CONDUÇÃO 90º'!$R:$R, 'CAP CONDUÇÃO 90º'!$S:$S, 'CAP CONDUÇÃO 90º'!$T:$T ) ), BI8 ) > 0, MATCH(BI8, IF(AV8="PVC", CHOOSE( MATCH(AU8, {"A1 - 2";"A1 - 3";"A2 - 2";"A2 - 3";"B1 - 2";"B1 - 3";"B2 - 2";"B2 - 3";"C - 2";"C - 3";"D - 2";"D - 3";"E - 2";"E - 3";"F - 2";"F - 3TRI";"F - 3JUST";"G - 3HOR";"G - 3VER"}, 0), 'CAP CONDUÇÃO 70º'!$B:$B, 'CAP CONDUÇÃO 70º'!$C:$C, 'CAP CONDUÇÃO 70º'!$D:$D, 'CAP CONDUÇÃO 70º'!$E:$E, 'CAP CONDUÇÃO 70º'!$F:$F, 'CAP CONDUÇÃO 70º'!$G:$G, 'CAP CONDUÇÃO 70º'!$H:$H, 'CAP CONDUÇÃO 70º'!$I:$I, 'CAP CONDUÇÃO 70º'!$J:$J, 'CAP CONDUÇÃO 70º'!$K:$K, 'CAP CONDUÇÃO 70º'!$L:$L, 'CAP CONDUÇÃO 70º'!$M:$M, 'CAP CONDUÇÃO 70º'!$N:$N, 'CAP CONDUÇÃO 70º'!$O:$O, 'CAP CONDUÇÃO 70º'!$P:$P, 'CAP CONDUÇÃO 70º'!$Q:$Q, 'CAP CONDUÇÃO 70º'!$R:$R, 'CAP CONDUÇÃO 70º'!$S:$S, 'CAP CONDUÇÃO 70º'!$T:$T ), CHOOSE( MATCH(AU8, {"A1 - 2";"A1 - 3";"A2 - 2";"A2 - 3";"B1 - 2";"B1 - 3";"B2 - 2";"B2 - 3";"C - 2";"C - 3";"D - 2";"D - 3";"E - 2";"E - 3";"F - 2";"F - 3TRI";"F - 3JUST";"G - 3HOR";"G - 3VER"}, 0), 'CAP CONDUÇÃO 90º'!$B:$B, 'CAP CONDUÇÃO 90º'!$C:$C, 'CAP CONDUÇÃO 90º'!$D:$D, 'CAP CONDUÇÃO 90º'!$E:$E, 'CAP CONDUÇÃO 90º'!$F:$F, 'CAP CONDUÇÃO 90º'!$G:$G, 'CAP CONDUÇÃO 90º'!$H:$H, 'CAP CONDUÇÃO 90º'!$I:$I, 'CAP CONDUÇÃO 90º'!$J:$J, 'CAP CONDUÇÃO 90º'!$K:$K, 'CAP CONDUÇÃO 90º'!$L:$L, 'CAP CONDUÇÃO 90º'!$M:$M, 'CAP CONDUÇÃO 90º'!$N:$N, 'CAP CONDUÇÃO 90º'!$O:$O, 'CAP CONDUÇÃO 90º'!$P:$P, 'CAP CONDUÇÃO 90º'!$Q:$Q, 'CAP CONDUÇÃO 90º'!$R:$R, 'CAP CONDUÇÃO 90º'!$S:$S, 'CAP CONDUÇÃO 90º'!$T:$T ) ), 0 ), MATCH(BI8, IF(AV8="PVC", CHOOSE( MATCH(AU8, {"A1 - 2";"A1 - 3";"A2 - 2";"A2 - 3";"B1 - 2";"B1 - 3";"B2 - 2";"B2 - 3";"C - 2";"C - 3";"D - 2";"D - 3";"E - 2";"E - 3";"F - 2";"F - 3TRI";"F - 3JUST";"G - 3HOR";"G - 3VER"}, 0), 'CAP CONDUÇÃO 70º'!$B:$B, 'CAP CONDUÇÃO 70º'!$C:$C, 'CAP CONDUÇÃO 70º'!$D:$D, 'CAP CONDUÇÃO 70º'!$E:$E, 'CAP CONDUÇÃO 70º'!$F:$F, 'CAP CONDUÇÃO 70º'!$G:$G, 'CAP CONDUÇÃO 70º'!$H:$H, 'CAP CONDUÇÃO 70º'!$I:$I, 'CAP CONDUÇÃO 70º'!$J:$J, 'CAP CONDUÇÃO 70º'!$K:$K, 'CAP CONDUÇÃO 70º'!$L:$L, 'CAP CONDUÇÃO 70º'!$M:$M, 'CAP CONDUÇÃO 70º'!$N:$N, 'CAP CONDUÇÃO 70º'!$O:$O, 'CAP CONDUÇÃO 70º'!$P:$P, 'CAP CONDUÇÃO 70º'!$Q:$Q, 'CAP CONDUÇÃO 70º'!$R:$R, 'CAP CONDUÇÃO 70º'!$S:$S, 'CAP CONDUÇÃO 70º'!$T:$T ), CHOOSE( MATCH(AU8, {"A1 - 2";"A1 - 3";"A2 - 2";"A2 - 3";"B1 - 2";"B1 - 3";"B2 - 2";"B2 - 3";"C - 2";"C - 3";"D - 2";"D - 3";"E - 2";"E - 3";"F - 2";"F - 3TRI";"F - 3JUST";"G - 3HOR";"G - 3VER"}, 0), 'CAP CONDUÇÃO 90º'!$B:$B, 'CAP CONDUÇÃO 90º'!$C:$C, 'CAP CONDUÇÃO 90º'!$D:$D, 'CAP CONDUÇÃO 90º'!$E:$E, 'CAP CONDUÇÃO 90º'!$F:$F, 'CAP CONDUÇÃO 90º'!$G:$G, 'CAP CONDUÇÃO 90º'!$H:$H, 'CAP CONDUÇÃO 90º'!$I:$I, 'CAP CONDUÇÃO 90º'!$J:$J, 'CAP CONDUÇÃO 90º'!$K:$K, 'CAP CONDUÇÃO 90º'!$L:$L, 'CAP CONDUÇÃO 90º'!$M:$M, 'CAP CONDUÇÃO 90º'!$N:$N, 'CAP CONDUÇÃO 90º'!$O:$O, 'CAP CONDUÇÃO 90º'!$P:$P, 'CAP CONDUÇÃO 90º'!$Q:$Q, 'CAP CONDUÇÃO 90º'!$R:$R, 'CAP CONDUÇÃO 90º'!$S:$S, 'CAP CONDUÇÃO 90º'!$T:$T ) ), 1 ) + 1 ) ), "Não há valor maior ou igual" )} -> Não há valor maior ou igual | BS8: =IFERROR(IF(BP8="","","3F#"&BR8&"mm²+N"&VLOOKUP($BR$5,NEUTRO!$A:$B,2,0)&"mm²+T"&VLOOKUP($BR$5,TERRA!$A:$B,2,0)&"mm²"),"")
A9: 5 | AP9: =IF(SUMPRODUCT(B9:AO9, B$4:AO$4)=0, "", SUMPRODUCT(B9:AO9, B$4:AO$4)) | AQ9: =IF(AP9="","",IF((SUM(B9:K9)+SUM(AF9:AO9))>=1,1,0.92)) | AR9: =IF(AP9="","",ROUND((AP9/AQ9),0)) | AY9: Em feixe: ao ar livre ou sobre superfície; embutidos; em conduto fechado (métodos A a F) | AZ9: 1 | BA9: =INDEX(AGRUPAMENTO!C7:N11,MATCH(AY9,AGRUPAMENTO!B7:B11,0),MATCH(AZ9,AGRUPAMENTO!C6:N6,0)) -> #N/A | BB9: NÃO SUBTERRÂNEA | BC9: 30 | BD9: =IF(BB9="SUBTERRÂNEA",IF(AV9="PVC",VLOOKUP(BC9,TEMPERATURA!G6:H20,2,0),VLOOKUP(BC9,TEMPERATURA!G6:I20,3,0)),IF(AV9="PVC",VLOOKUP(BC9,TEMPERATURA!B6:C20,2,0),VLOOKUP(BC9,TEMPERATURA!B6:D20,3,0))) -> 1 | BE9: =IF( AP9="", "", _xlfn.IFS( $BI$111="127/220", IF( BH9=1, 127, IF( BH9=2, ROUND(127*SQRT(3),0), IF( BH9=3, ROUND(127*SQRT(3),0), "" ) ) ), $BI$111="220/380", IF( BH9=1, 220, IF( BH9=2, ROUND(220*SQRT(3),0)-1, IF( BH9=3, ROUND(220*SQRT(3),0)-1, "" ) ) ), $BI$111="254/440", IF( BH9=1, 254, IF( BH9=2, ROUND(254*SQRT(3),0), IF( BH9=3, ROUND(254*SQRT(3),0), "" ) ) ) ) ) | BF9: =IF(AP9="","",ROUND(AR9/IF(BH9=1,127,IF(BH9=2,220,IF(BH9=3,381,""))),1)) | BG9: =(BF9*AX9)/(BD9*BA9) -> #VALUE! | BH9: =IF(COUNTA(BJ9:BL9)=0,"",COUNTA(BJ9:BL9)) | BI9: =IF(AP9="","", IF(COUNTA(V9:AE9)>=1, MAX(IFERROR(_xlfn.AGGREGATE(15,6,DISJUNTORES!$C$2:$C$100/(DISJUNTORES!$C$2:$C$100>=BF9),1),""),25), IF(COUNTA(L9:U9)>=1, MAX(IFERROR(_xlfn.AGGREGATE(15,6,DISJUNTORES!$C$2:$C$100/(DISJUNTORES!$C$2:$C$100>=BF9),1),""),20), IF(COUNTA(A9:K9)>=1, MAX(IFERROR(_xlfn.AGGREGATE(15,6,DISJUNTORES!$C$2:$C$100/(DISJUNTORES!$C$2:$C$100>=BF9),1),""),16), IFERROR(_xlfn.AGGREGATE(15,6,DISJUNTORES!$C$2:$C$100/(DISJUNTORES!$C$2:$C$100>=BF9),1),""))))) | BM9: =IF(IF(BJ9="","",AR9/COUNTA(BJ9:BL9))=0,"",IF(BJ9="","",AR9/COUNTA(BJ9:BL9))) | BN9: =IF(IF(BK9="","",AR9/COUNTA(BJ9:BL9))=0,"",IF(BK9="","",AR9/COUNTA(BJ9:BL9))) | BO9: =IF(IF(BL9="","",AR9/COUNTA(BJ9:BL9))=0,"",IF(BL9="","",AR9/COUNTA(BJ9:BL9))) | BP9: {=IFERROR( INDEX( IF(AV9="PVC", 'CAP CONDUÇÃO 70º'!$A:$A, 'CAP CONDUÇÃO 90º'!$A:$A), IF( COUNTIF( IF(AV9="PVC", CHOOSE( MATCH(AU9, {"A1 - 2";"A1 - 3";"A2 - 2";"A2 - 3";"B1 - 2";"B1 - 3";"B2 - 2";"B2 - 3";"C - 2";"C - 3";"D - 2";"D - 3";"E - 2";"E - 3";"F - 2";"F - 3TRI";"F - 3JUST";"G - 3HOR";"G - 3VER"}, 0), 'CAP CONDUÇÃO 70º'!$B:$B, 'CAP CONDUÇÃO 70º'!$C:$C, 'CAP CONDUÇÃO 70º'!$D:$D, 'CAP CONDUÇÃO 70º'!$E:$E, 'CAP CONDUÇÃO 70º'!$F:$F, 'CAP CONDUÇÃO 70º'!$G:$G, 'CAP CONDUÇÃO 70º'!$H:$H, 'CAP CONDUÇÃO 70º'!$I:$I, 'CAP CONDUÇÃO 70º'!$J:$J, 'CAP CONDUÇÃO 70º'!$K:$K, 'CAP CONDUÇÃO 70º'!$L:$L, 'CAP CONDUÇÃO 70º'!$M:$M, 'CAP CONDUÇÃO 70º'!$N:$N, 'CAP CONDUÇÃO 70º'!$O:$O, 'CAP CONDUÇÃO 70º'!$P:$P, 'CAP CONDUÇÃO 70º'!$Q:$Q, 'CAP CONDUÇÃO 70º'!$R:$R, 'CAP CONDUÇÃO 70º'!$S:$S, 'CAP CONDUÇÃO 70º'!$T:$T ), CHOOSE( MATCH(AU9, {"A1 - 2";"A1 - 3";"A2 - 2";"A2 - 3";"B1 - 2";"B1 - 3";"B2 - 2";"B2 - 3";"C - 2";"C - 3";"D - 2";"D - 3";"E - 2";"E - 3";"F - 2";"F - 3TRI";"F - 3JUST";"G - 3HOR";"G - 3VER"}, 0), 'CAP CONDUÇÃO 90º'!$B:$B, 'CAP CONDUÇÃO 90º'!$C:$C, 'CAP CONDUÇÃO 90º'!$D:$D, 'CAP CONDUÇÃO 90º'!$E:$E, 'CAP CONDUÇÃO 90º'!$F:$F, 'CAP CONDUÇÃO 90º'!$G:$G, 'CAP CONDUÇÃO 90º'!$H:$H, 'CAP CONDUÇÃO 90º'!$I:$I, 'CAP CONDUÇÃO 90º'!$J:$J, 'CAP CONDUÇÃO 90º'!$K:$K, 'CAP CONDUÇÃO 90º'!$L:$L, 'CAP CONDUÇÃO 90º'!$M:$M, 'CAP CONDUÇÃO 90º'!$N:$N, 'CAP CONDUÇÃO 90º'!$O:$O, 'CAP CONDUÇÃO 90º'!$P:$P, 'CAP CONDUÇÃO 90º'!$Q:$Q, 'CAP CONDUÇÃO 90º'!$R:$R, 'CAP CONDUÇÃO 90º'!$S:$S, 'CAP CONDUÇÃO 90º'!$T:$T ) ), BI9 ) > 0, MATCH(BI9, IF(AV9="PVC", CHOOSE( MATCH(AU9, {"A1 - 2";"A1 - 3";"A2 - 2";"A2 - 3";"B1 - 2";"B1 - 3";"B2 - 2";"B2 - 3";"C - 2";"C - 3";"D - 2";"D - 3";"E - 2";"E - 3";"F - 2";"F - 3TRI";"F - 3JUST";"G - 3HOR";"G - 3VER"}, 0), 'CAP CONDUÇÃO 70º'!$B:$B, 'CAP CONDUÇÃO 70º'!$C:$C, 'CAP CONDUÇÃO 70º'!$D:$D, 'CAP CONDUÇÃO 70º'!$E:$E, 'CAP CONDUÇÃO 70º'!$F:$F, 'CAP CONDUÇÃO 70º'!$G:$G, 'CAP CONDUÇÃO 70º'!$H:$H, 'CAP CONDUÇÃO 70º'!$I:$I, 'CAP CONDUÇÃO 70º'!$J:$J, 'CAP CONDUÇÃO 70º'!$K:$K, 'CAP CONDUÇÃO 70º'!$L:$L, 'CAP CONDUÇÃO 70º'!$M:$M, 'CAP CONDUÇÃO 70º'!$N:$N, 'CAP CONDUÇÃO 70º'!$O:$O, 'CAP CONDUÇÃO 70º'!$P:$P, 'CAP CONDUÇÃO 70º'!$Q:$Q, 'CAP CONDUÇÃO 70º'!$R:$R, 'CAP CONDUÇÃO 70º'!$S:$S, 'CAP CONDUÇÃO 70º'!$T:$T ), CHOOSE( MATCH(AU9, {"A1 - 2";"A1 - 3";"A2 - 2";"A2 - 3";"B1 - 2";"B1 - 3";"B2 - 2";"B2 - 3";"C - 2";"C - 3";"D - 2";"D - 3";"E - 2";"E - 3";"F - 2";"F - 3TRI";"F - 3JUST";"G - 3HOR";"G - 3VER"}, 0), 'CAP CONDUÇÃO 90º'!$B:$B, 'CAP CONDUÇÃO 90º'!$C:$C, 'CAP CONDUÇÃO 90º'!$D:$D, 'CAP CONDUÇÃO 90º'!$E:$E, 'CAP CONDUÇÃO 90º'!$F:$F, 'CAP CONDUÇÃO 90º'!$G:$G, 'CAP CONDUÇÃO 90º'!$H:$H, 'CAP CONDUÇÃO 90º'!$I:$I, 'CAP CONDUÇÃO 90º'!$J:$J, 'CAP CONDUÇÃO 90º'!$K:$K, 'CAP CONDUÇÃO 90º'!$L:$L, 'CAP CONDUÇÃO 90º'!$M:$M, 'CAP CONDUÇÃO 90º'!$N:$N, 'CAP CONDUÇÃO 90º'!$O:$O, 'CAP CONDUÇÃO 90º'!$P:$P, 'CAP CONDUÇÃO 90º'!$Q:$Q, 'CAP CONDUÇÃO 90º'!$R:$R, 'CAP CONDUÇÃO 90º'!$S:$S, 'CAP CONDUÇÃO 90º'!$T:$T ) ), 0 ), MATCH(BI9, IF(AV9="PVC", CHOOSE( MATCH(AU9, {"A1 - 2";"A1 - 3";"A2 - 2";"A2 - 3";"B1 - 2";"B1 - 3";"B2 - 2";"B2 - 3";"C - 2";"C - 3";"D - 2";"D - 3";"E - 2";"E - 3";"F - 2";"F - 3TRI";"F - 3JUST";"G - 3HOR";"G - 3VER"}, 0), 'CAP CONDUÇÃO 70º'!$B:$B, 'CAP CONDUÇÃO 70º'!$C:$C, 'CAP CONDUÇÃO 70º'!$D:$D, 'CAP CONDUÇÃO 70º'!$E:$E, 'CAP CONDUÇÃO 70º'!$F:$F, 'CAP CONDUÇÃO 70º'!$G:$G, 'CAP CONDUÇÃO 70º'!$H:$H, 'CAP CONDUÇÃO 70º'!$I:$I, 'CAP CONDUÇÃO 70º'!$J:$J, 'CAP CONDUÇÃO 70º'!$K:$K, 'CAP CONDUÇÃO 70º'!$L:$L, 'CAP CONDUÇÃO 70º'!$M:$M, 'CAP CONDUÇÃO 70º'!$N:$N, 'CAP CONDUÇÃO 70º'!$O:$O, 'CAP CONDUÇÃO 70º'!$P:$P, 'CAP CONDUÇÃO 70º'!$Q:$Q, 'CAP CONDUÇÃO 70º'!$R:$R, 'CAP CONDUÇÃO 70º'!$S:$S, 'CAP CONDUÇÃO 70º'!$T:$T ), CHOOSE( MATCH(AU9, {"A1 - 2";"A1 - 3";"A2 - 2";"A2 - 3";"B1 - 2";"B1 - 3";"B2 - 2";"B2 - 3";"C - 2";"C - 3";"D - 2";"D - 3";"E - 2";"E - 3";"F - 2";"F - 3TRI";"F - 3JUST";"G - 3HOR";"G - 3VER"}, 0), 'CAP CONDUÇÃO 90º'!$B:$B, 'CAP CONDUÇÃO 90º'!$C:$C, 'CAP CONDUÇÃO 90º'!$D:$D, 'CAP CONDUÇÃO 90º'!$E:$E, 'CAP CONDUÇÃO 90º'!$F:$F, 'CAP CONDUÇÃO 90º'!$G:$G, 'CAP CONDUÇÃO 90º'!$H:$H, 'CAP CONDUÇÃO 90º'!$I:$I, 'CAP CONDUÇÃO 90º'!$J:$J, 'CAP CONDUÇÃO 90º'!$K:$K, 'CAP CONDUÇÃO 90º'!$L:$L, 'CAP CONDUÇÃO 90º'!$M:$M, 'CAP CONDUÇÃO 90º'!$N:$N, 'CAP CONDUÇÃO 90º'!$O:$O, 'CAP CONDUÇÃO 90º'!$P:$P, 'CAP CONDUÇÃO 90º'!$Q:$Q, 'CAP CONDUÇÃO 90º'!$R:$R, 'CAP CONDUÇÃO 90º'!$S:$S, 'CAP CONDUÇÃO 90º'!$T:$T ) ), 1 ) + 1 ) ), "Não há valor maior ou igual" )} -> Não há valor maior ou igual | BS9: =IFERROR(IF(BP9="","","3F#"&BR9&"mm²+N"&VLOOKUP($BR$5,NEUTRO!$A:$B,2,0)&"mm²+T"&VLOOKUP($BR$5,TERRA!$A:$B,2,0)&"mm²"),"")
A10: 6 | AP10: =IF(SUMPRODUCT(B10:AO10, B$4:AO$4)=0, "", SUMPRODUCT(B10:AO10, B$4:AO$4)) | AQ10: =IF(AP10="","",IF((SUM(B10:K10)+SUM(AF10:AO10))>=1,1,0.92)) | AR10: =IF(AP10="","",ROUND((AP10/AQ10),0)) | AY10: Em feixe: ao ar livre ou sobre superfície; embutidos; em conduto fechado (métodos A a F) | AZ10: 1 | BA10: =INDEX(AGRUPAMENTO!C8:N12,MATCH(AY10,AGRUPAMENTO!B8:B12,0),MATCH(AZ10,AGRUPAMENTO!C7:N7,0)) -> #N/A | BB10: NÃO SUBTERRÂNEA | BC10: 30 | BD10: =IF(BB10="SUBTERRÂNEA",IF(AV10="PVC",VLOOKUP(BC10,TEMPERATURA!G7:H21,2,0),VLOOKUP(BC10,TEMPERATURA!G7:I21,3,0)),IF(AV10="PVC",VLOOKUP(BC10,TEMPERATURA!B7:C21,2,0),VLOOKUP(BC10,TEMPERATURA!B7:D21,3,0))) -> #N/A | BE10: =IF( AP10="", "", _xlfn.IFS( $BI$111="127/220", IF( BH10=1, 127, IF( BH10=2, ROUND(127*SQRT(3),0), IF( BH10=3, ROUND(127*SQRT(3),0), "" ) ) ), $BI$111="220/380", IF( BH10=1, 220, IF( BH10=2, ROUND(220*SQRT(3),0)-1, IF( BH10=3, ROUND(220*SQRT(3),0)-1, "" ) ) ), $BI$111="254/440", IF( BH10=1, 254, IF( BH10=2, ROUND(254*SQRT(3),0), IF( BH10=3, ROUND(254*SQRT(3),0), "" ) ) ) ) ) | BF10: =IF(AP10="","",ROUND(AR10/IF(BH10=1,127,IF(BH10=2,220,IF(BH10=3,381,""))),1)) | BG10: =(BF10*AX10)/(BD10*BA10) -> #VALUE! | BH10: =IF(COUNTA(BJ10:BL10)=0,"",COUNTA(BJ10:BL10)) | BI10: =IF(AP10="","", IF(COUNTA(V10:AE10)>=1, MAX(IFERROR(_xlfn.AGGREGATE(15,6,DISJUNTORES!$C$2:$C$100/(DISJUNTORES!$C$2:$C$100>=BF10),1),""),25), IF(COUNTA(L10:U10)>=1, MAX(IFERROR(_xlfn.AGGREGATE(15,6,DISJUNTORES!$C$2:$C$100/(DISJUNTORES!$C$2:$C$100>=BF10),1),""),20), IF(COUNTA(A10:K10)>=1, MAX(IFERROR(_xlfn.AGGREGATE(15,6,DISJUNTORES!$C$2:$C$100/(DISJUNTORES!$C$2:$C$100>=BF10),1),""),16), IFERROR(_xlfn.AGGREGATE(15,6,DISJUNTORES!$C$2:$C$100/(DISJUNTORES!$C$2:$C$100>=BF10),1),""))))) | BM10: =IF(IF(BJ10="","",AR10/COUNTA(BJ10:BL10))=0,"",IF(BJ10="","",AR10/COUNTA(BJ10:BL10))) | BN10: =IF(IF(BK10="","",AR10/COUNTA(BJ10:BL10))=0,"",IF(BK10="","",AR10/COUNTA(BJ10:BL10))) | BO10: =IF(IF(BL10="","",AR10/COUNTA(BJ10:BL10))=0,"",IF(BL10="","",AR10/COUNTA(BJ10:BL10))) | BP10: {=IFERROR( INDEX( IF(AV10="PVC", 'CAP CONDUÇÃO 70º'!$A:$A, 'CAP CONDUÇÃO 90º'!$A:$A), IF( COUNTIF( IF(AV10="PVC", CHOOSE( MATCH(AU10, {"A1 - 2";"A1 - 3";"A2 - 2";"A2 - 3";"B1 - 2";"B1 - 3";"B2 - 2";"B2 - 3";"C - 2";"C - 3";"D - 2";"D - 3";"E - 2";"E - 3";"F - 2";"F - 3TRI";"F - 3JUST";"G - 3HOR";"G - 3VER"}, 0), 'CAP CONDUÇÃO 70º'!$B:$B, 'CAP CONDUÇÃO 70º'!$C:$C, 'CAP CONDUÇÃO 70º'!$D:$D, 'CAP CONDUÇÃO 70º'!$E:$E, 'CAP CONDUÇÃO 70º'!$F:$F, 'CAP CONDUÇÃO 70º'!$G:$G, 'CAP CONDUÇÃO 70º'!$H:$H, 'CAP CONDUÇÃO 70º'!$I:$I, 'CAP CONDUÇÃO 70º'!$J:$J, 'CAP CONDUÇÃO 70º'!$K:$K, 'CAP CONDUÇÃO 70º'!$L:$L, 'CAP CONDUÇÃO 70º'!$M:$M, 'CAP CONDUÇÃO 70º'!$N:$N, 'CAP CONDUÇÃO 70º'!$O:$O, 'CAP CONDUÇÃO 70º'!$P:$P, 'CAP CONDUÇÃO 70º'!$Q:$Q, 'CAP CONDUÇÃO 70º'!$R:$R, 'CAP CONDUÇÃO 70º'!$S:$S, 'CAP CONDUÇÃO 70º'!$T:$T ), CHOOSE( MATCH(AU10, {"A1 - 2";"A1 - 3";"A2 - 2";"A2 - 3";"B1 - 2";"B1 - 3";"B2 - 2";"B2 - 3";"C - 2";"C - 3";"D - 2";"D - 3";"E - 2";"E - 3";"F - 2";"F - 3TRI";"F - 3JUST";"G - 3HOR";"G - 3VER"}, 0), 'CAP CONDUÇÃO 90º'!$B:$B, 'CAP CONDUÇÃO 90º'!$C:$C, 'CAP CONDUÇÃO 90º'!$D:$D, 'CAP CONDUÇÃO 90º'!$E:$E, 'CAP CONDUÇÃO 90º'!$F:$F, 'CAP CONDUÇÃO 90º'!$G:$G, 'CAP CONDUÇÃO 90º'!$H:$H, 'CAP CONDUÇÃO 90º'!$I:$I, 'CAP CONDUÇÃO 90º'!$J:$J, 'CAP CONDUÇÃO 90º'!$K:$K, 'CAP CONDUÇÃO 90º'!$L:$L, 'CAP CONDUÇÃO 90º'!$M:$M, 'CAP CONDUÇÃO 90º'!$N:$N, 'CAP CONDUÇÃO 90º'!$O:$O, 'CAP CONDUÇÃO 90º'!$P:$P, 'CAP CONDUÇÃO 90º'!$Q:$Q, 'CAP CONDUÇÃO 90º'!$R:$R, 'CAP CONDUÇÃO 90º'!$S:$S, 'CAP CONDUÇÃO 90º'!$T:$T ) ), BI10 ) > 0, MATCH(BI10, IF(AV10="PVC", CHOOSE( MATCH(AU10, {"A1 - 2";"A1 - 3";"A2 - 2";"A2 - 3";"B1 - 2";"B1 - 3";"B2 - 2";"B2 - 3";"C - 2";"C - 3";"D - 2";"D - 3";"E - 2";"E - 3";"F - 2";"F - 3TRI";"F - 3JUST";"G - 3HOR";"G - 3VER"}, 0), 'CAP CONDUÇÃO 70º'!$B:$B, 'CAP CONDUÇÃO 70º'!$C:$C, 'CAP CONDUÇÃO 70º'!$D:$D, 'CAP CONDUÇÃO 70º'!$E:$E, 'CAP CONDUÇÃO 70º'!$F:$F, 'CAP CONDUÇÃO 70º'!$G:$G, 'CAP CONDUÇÃO 70º'!$H:$H, 'CAP CONDUÇÃO 70º'!$I:$I, 'CAP CONDUÇÃO 70º'!$J:$J, 'CAP CONDUÇÃO 70º'!$K:$K, 'CAP CONDUÇÃO 70º'!$L:$L, 'CAP CONDUÇÃO 70º'!$M:$M, 'CAP CONDUÇÃO 70º'!$N:$N, 'CAP CONDUÇÃO 70º'!$O:$O, 'CAP CONDUÇÃO 70º'!$P:$P, 'CAP CONDUÇÃO 70º'!$Q:$Q, 'CAP CONDUÇÃO 70º'!$R:$R, 'CAP CONDUÇÃO 70º'!$S:$S, 'CAP CONDUÇÃO 70º'!$T:$T ), CHOOSE( MATCH(AU10, {"A1 - 2";"A1 - 3";"A2 - 2";"A2 - 3";"B1 - 2";"B1 - 3";"B2 - 2";"B2 - 3";"C - 2";"C - 3";"D - 2";"D - 3";"E - 2";"E - 3";"F - 2";"F - 3TRI";"F - 3JUST";"G - 3HOR";"G - 3VER"}, 0), 'CAP CONDUÇÃO 90º'!$B:$B, 'CAP CONDUÇÃO 90º'!$C:$C, 'CAP CONDUÇÃO 90º'!$D:$D, 'CAP CONDUÇÃO 90º'!$E:$E, 'CAP CONDUÇÃO 90º'!$F:$F, 'CAP CONDUÇÃO 90º'!$G:$G, 'CAP CONDUÇÃO 90º'!$H:$H, 'CAP CONDUÇÃO 90º'!$I:$I, 'CAP CONDUÇÃO 90º'!$J:$J, 'CAP CONDUÇÃO 90º'!$K:$K, 'CAP CONDUÇÃO 90º'!$L:$L, 'CAP CONDUÇÃO 90º'!$M:$M, 'CAP CONDUÇÃO 90º'!$N:$N, 'CAP CONDUÇÃO 90º'!$O:$O, 'CAP CONDUÇÃO 90º'!$P:$P, 'CAP CONDUÇÃO 90º'!$Q:$Q, 'CAP CONDUÇÃO 90º'!$R:$R, 'CAP CONDUÇÃO 90º'!$S:$S, 'CAP CONDUÇÃO 90º'!$T:$T ) ), 0 ), MATCH(BI10, IF(AV10="PVC", CHOOSE( MATCH(AU10, {"A1 - 2";"A1 - 3";"A2 - 2";"A2 - 3";"B1 - 2";"B1 - 3";"B2 - 2";"B2 - 3";"C - 2";"C - 3";"D - 2";"D - 3";"E - 2";"E - 3";"F - 2";"F - 3TRI";"F - 3JUST";"G - 3HOR";"G - 3VER"}, 0), 'CAP CONDUÇÃO 70º'!$B:$B, 'CAP CONDUÇÃO 70º'!$C:$C, 'CAP CONDUÇÃO 70º'!$D:$D, 'CAP CONDUÇÃO 70º'!$E:$E, 'CAP CONDUÇÃO 70º'!$F:$F, 'CAP CONDUÇÃO 70º'!$G:$G, 'CAP CONDUÇÃO 70º'!$H:$H, 'CAP CONDUÇÃO 70º'!$I:$I, 'CAP CONDUÇÃO 70º'!$J:$J, 'CAP CONDUÇÃO 70º'!$K:$K, 'CAP CONDUÇÃO 70º'!$L:$L, 'CAP CONDUÇÃO 70º'!$M:$M, 'CAP CONDUÇÃO 70º'!$N:$N, 'CAP CONDUÇÃO 70º'!$O:$O, 'CAP CONDUÇÃO 70º'!$P:$P, 'CAP CONDUÇÃO 70º'!$Q:$Q, 'CAP CONDUÇÃO 70º'!$R:$R, 'CAP CONDUÇÃO 70º'!$S:$S, 'CAP CONDUÇÃO 70º'!$T:$T ), CHOOSE( MATCH(AU10, {"A1 - 2";"A1 - 3";"A2 - 2";"A2 - 3";"B1 - 2";"B1 - 3";"B2 - 2";"B2 - 3";"C - 2";"C - 3";"D - 2";"D - 3";"E - 2";"E - 3";"F - 2";"F - 3TRI";"F - 3JUST";"G - 3HOR";"G - 3VER"}, 0), 'CAP CONDUÇÃO 90º'!$B:$B, 'CAP CONDUÇÃO 90º'!$C:$C, 'CAP CONDUÇÃO 90º'!$D:$D, 'CAP CONDUÇÃO 90º'!$E:$E, 'CAP CONDUÇÃO 90º'!$F:$F, 'CAP CONDUÇÃO 90º'!$G:$G, 'CAP CONDUÇÃO 90º'!$H:$H, 'CAP CONDUÇÃO 90º'!$I:$I, 'CAP CONDUÇÃO 90º'!$J:$J, 'CAP CONDUÇÃO 90º'!$K:$K, 'CAP CONDUÇÃO 90º'!$L:$L, 'CAP CONDUÇÃO 90º'!$M:$M, 'CAP CONDUÇÃO 90º'!$N:$N, 'CAP CONDUÇÃO 90º'!$O:$O, 'CAP CONDUÇÃO 90º'!$P:$P, 'CAP CONDUÇÃO 90º'!$Q:$Q, 'CAP CONDUÇÃO 90º'!$R:$R, 'CAP CONDUÇÃO 90º'!$S:$S, 'CAP CONDUÇÃO 90º'!$T:$T ) ), 1 ) + 1 ) ), "Não há valor maior ou igual" )} -> Não há valor maior ou igual | BS10: =IFERROR(IF(BP10="","","3F#"&BR10&"mm²+N"&VLOOKUP($BR$5,NEUTRO!$A:$B,2,0)&"mm²+T"&VLOOKUP($BR$5,TERRA!$A:$B,2,0)&"mm²"),"")
A11: 7 | AP11: =IF(SUMPRODUCT(B11:AO11, B$4:AO$4)=0, "", SUMPRODUCT(B11:AO11, B$4:AO$4)) | AQ11: =IF(AP11="","",IF((SUM(B11:K11)+SUM(AF11:AO11))>=1,1,0.92)) | AR11: =IF(AP11="","",ROUND((AP11/AQ11),0)) | AY11: Em feixe: ao ar livre ou sobre superfície; embutidos; em conduto fechado (métodos A a F) | AZ11: 1 | BA11: =INDEX(AGRUPAMENTO!C9:N13,MATCH(AY11,AGRUPAMENTO!B9:B13,0),MATCH(AZ11,AGRUPAMENTO!C8:N8,0)) -> #N/A | BB11: NÃO SUBTERRÂNEA | BC11: 30 | BD11: =IF(BB11="SUBTERRÂNEA",IF(AV11="PVC",VLOOKUP(BC11,TEMPERATURA!G8:H22,2,0),VLOOKUP(BC11,TEMPERATURA!G8:I22,3,0)),IF(AV11="PVC",VLOOKUP(BC11,TEMPERATURA!B8:C22,2,0),VLOOKUP(BC11,TEMPERATURA!B8:D22,3,0))) -> #N/A | BE11: =IF( AP11="", "", _xlfn.IFS( $BI$111="127/220", IF( BH11=1, 127, IF( BH11=2, ROUND(127*SQRT(3),0), IF( BH11=3, ROUND(127*SQRT(3),0), "" ) ) ), $BI$111="220/380", IF( BH11=1, 220, IF( BH11=2, ROUND(220*SQRT(3),0)-1, IF( BH11=3, ROUND(220*SQRT(3),0)-1, "" ) ) ), $BI$111="254/440", IF( BH11=1, 254, IF( BH11=2, ROUND(254*SQRT(3),0), IF( BH11=3, ROUND(254*SQRT(3),0), "" ) ) ) ) ) | BF11: =IF(AP11="","",ROUND(AR11/IF(BH11=1,127,IF(BH11=2,220,IF(BH11=3,381,""))),1)) | BG11: =(BF11*AX11)/(BD11*BA11) -> #VALUE! | BH11: =IF(COUNTA(BJ11:BL11)=0,"",COUNTA(BJ11:BL11)) | BI11: =IF(AP11="","", IF(COUNTA(V11:AE11)>=1, MAX(IFERROR(_xlfn.AGGREGATE(15,6,DISJUNTORES!$C$2:$C$100/(DISJUNTORES!$C$2:$C$100>=BF11),1),""),25), IF(COUNTA(L11:U11)>=1, MAX(IFERROR(_xlfn.AGGREGATE(15,6,DISJUNTORES!$C$2:$C$100/(DISJUNTORES!$C$2:$C$100>=BF11),1),""),20), IF(COUNTA(A11:K11)>=1, MAX(IFERROR(_xlfn.AGGREGATE(15,6,DISJUNTORES!$C$2:$C$100/(DISJUNTORES!$C$2:$C$100>=BF11),1),""),16), IFERROR(_xlfn.AGGREGATE(15,6,DISJUNTORES!$C$2:$C$100/(DISJUNTORES!$C$2:$C$100>=BF11),1),""))))) | BM11: =IF(IF(BJ11="","",AR11/COUNTA(BJ11:BL11))=0,"",IF(BJ11="","",AR11/COUNTA(BJ11:BL11))) | BN11: =IF(IF(BK11="","",AR11/COUNTA(BJ11:BL11))=0,"",IF(BK11="","",AR11/COUNTA(BJ11:BL11))) | BO11: =IF(IF(BL11="","",AR11/COUNTA(BJ11:BL11))=0,"",IF(BL11="","",AR11/COUNTA(BJ11:BL11))) | BP11: {=IFERROR( INDEX( IF(AV11="PVC", 'CAP CONDUÇÃO 70º'!$A:$A, 'CAP CONDUÇÃO 90º'!$A:$A), IF( COUNTIF( IF(AV11="PVC", CHOOSE( MATCH(AU11, {"A1 - 2";"A1 - 3";"A2 - 2";"A2 - 3";"B1 - 2";"B1 - 3";"B2 - 2";"B2 - 3";"C - 2";"C - 3";"D - 2";"D - 3";"E - 2";"E - 3";"F - 2";"F - 3TRI";"F - 3JUST";"G - 3HOR";"G - 3VER"}, 0), 'CAP CONDUÇÃO 70º'!$B:$B, 'CAP CONDUÇÃO 70º'!$C:$C, 'CAP CONDUÇÃO 70º'!$D:$D, 'CAP CONDUÇÃO 70º'!$E:$E, 'CAP CONDUÇÃO 70º'!$F:$F, 'CAP CONDUÇÃO 70º'!$G:$G, 'CAP CONDUÇÃO 70º'!$H:$H, 'CAP CONDUÇÃO 70º'!$I:$I, 'CAP CONDUÇÃO 70º'!$J:$J, 'CAP CONDUÇÃO 70º'!$K:$K, 'CAP CONDUÇÃO 70º'!$L:$L, 'CAP CONDUÇÃO 70º'!$M:$M, 'CAP CONDUÇÃO 70º'!$N:$N, 'CAP CONDUÇÃO 70º'!$O:$O, 'CAP CONDUÇÃO 70º'!$P:$P, 'CAP CONDUÇÃO 70º'!$Q:$Q, 'CAP CONDUÇÃO 70º'!$R:$R, 'CAP CONDUÇÃO 70º'!$S:$S, 'CAP CONDUÇÃO 70º'!$T:$T ), CHOOSE( MATCH(AU11, {"A1 - 2";"A1 - 3";"A2 - 2";"A2 - 3";"B1 - 2";"B1 - 3";"B2 - 2";"B2 - 3";"C - 2";"C - 3";"D - 2";"D - 3";"E - 2";"E - 3";"F - 2";"F - 3TRI";"F - 3JUST";"G - 3HOR";"G - 3VER"}, 0), 'CAP CONDUÇÃO 90º'!$B:$B, 'CAP CONDUÇÃO 90º'!$C:$C, 'CAP CONDUÇÃO 90º'!$D:$D, 'CAP CONDUÇÃO 90º'!$E:$E, 'CAP CONDUÇÃO 90º'!$F:$F, 'CAP CONDUÇÃO 90º'!$G:$G, 'CAP CONDUÇÃO 90º'!$H:$H, 'CAP CONDUÇÃO 90º'!$I:$I, 'CAP CONDUÇÃO 90º'!$J:$J, 'CAP CONDUÇÃO 90º'!$K:$K, 'CAP CONDUÇÃO 90º'!$L:$L, 'CAP CONDUÇÃO 90º'!$M:$M, 'CAP CONDUÇÃO 90º'!$N:$N, 'CAP CONDUÇÃO 90º'!$O:$O, 'CAP CONDUÇÃO 90º'!$P:$P, 'CAP CONDUÇÃO 90º'!$Q:$Q, 'CAP CONDUÇÃO 90º'!$R:$R, 'CAP CONDUÇÃO 90º'!$S:$S, 'CAP CONDUÇÃO 90º'!$T:$T ) ), BI11 ) > 0, MATCH(BI11, IF(AV11="PVC", CHOOSE( MATCH(AU11, {"A1 - 2";"A1 - 3";"A2 - 2";"A2 - 3";"B1 - 2";"B1 - 3";"B2 - 2";"B2 - 3";"C - 2";"C - 3";"D - 2";"D - 3";"E - 2";"E - 3";"F - 2";"F - 3TRI";"F - 3JUST";"G - 3HOR";"G - 3VER"}, 0), 'CAP CONDUÇÃO 70º'!$B:$B, 'CAP CONDUÇÃO 70º'!$C:$C, 'CAP CONDUÇÃO 70º'!$D:$D, 'CAP CONDUÇÃO 70º'!$E:$E, 'CAP CONDUÇÃO 70º'!$F:$F, 'CAP CONDUÇÃO 70º'!$G:$G, 'CAP CONDUÇÃO 70º'!$H:$H, 'CAP CONDUÇÃO 70º'!$I:$I, 'CAP CONDUÇÃO 70º'!$J:$J, 'CAP CONDUÇÃO 70º'!$K:$K, 'CAP CONDUÇÃO 70º'!$L:$L, 'CAP CONDUÇÃO 70º'!$M:$M, 'CAP CONDUÇÃO 70º'!$N:$N, 'CAP CONDUÇÃO 70º'!$O:$O, 'CAP CONDUÇÃO 70º'!$P:$P, 'CAP CONDUÇÃO 70º'!$Q:$Q, 'CAP CONDUÇÃO 70º'!$R:$R, 'CAP CONDUÇÃO 70º'!$S:$S, 'CAP CONDUÇÃO 70º'!$T:$T ), CHOOSE( MATCH(AU11, {"A1 - 2";"A1 - 3";"A2 - 2";"A2 - 3";"B1 - 2";"B1 - 3";"B2 - 2";"B2 - 3";"C - 2";"C - 3";"D - 2";"D - 3";"E - 2";"E - 3";"F - 2";"F - 3TRI";"F - 3JUST";"G - 3HOR";"G - 3VER"}, 0), 'CAP CONDUÇÃO 90º'!$B:$B, 'CAP CONDUÇÃO 90º'!$C:$C, 'CAP CONDUÇÃO 90º'!$D:$D, 'CAP CONDUÇÃO 90º'!$E:$E, 'CAP CONDUÇÃO 90º'!$F:$F, 'CAP CONDUÇÃO 90º'!$G:$G, 'CAP CONDUÇÃO 90º'!$H:$H, 'CAP CONDUÇÃO 90º'!$I:$I, 'CAP CONDUÇÃO 90º'!$J:$J, 'CAP CONDUÇÃO 90º'!$K:$K, 'CAP CONDUÇÃO 90º'!$L:$L, 'CAP CONDUÇÃO 90º'!$M:$M, 'CAP CONDUÇÃO 90º'!$N:$N, 'CAP CONDUÇÃO 90º'!$O:$O, 'CAP CONDUÇÃO 90º'!$P:$P, 'CAP CONDUÇÃO 90º'!$Q:$Q, 'CAP CONDUÇÃO 90º'!$R:$R, 'CAP CONDUÇÃO 90º'!$S:$S, 'CAP CONDUÇÃO 90º'!$T:$T ) ), 0 ), MATCH(BI11, IF(AV11="PVC", CHOOSE( MATCH(AU11, {"A1 - 2";"A1 - 3";"A2 - 2";"A2 - 3";"B1 - 2";"B1 - 3";"B2 - 2";"B2 - 3";"C - 2";"C - 3";"D - 2";"D - 3";"E - 2";"E - 3";"F - 2";"F - 3TRI";"F - 3JUST";"G - 3HOR";"G - 3VER"}, 0), 'CAP CONDUÇÃO 70º'!$B:$B, 'CAP CONDUÇÃO 70º'!$C:$C, 'CAP CONDUÇÃO 70º'!$D:$D, 'CAP CONDUÇÃO 70º'!$E:$E, 'CAP CONDUÇÃO 70º'!$F:$F, 'CAP CONDUÇÃO 70º'!$G:$G, 'CAP CONDUÇÃO 70º'!$H:$H, 'CAP CONDUÇÃO 70º'!$I:$I, 'CAP CONDUÇÃO 70º'!$J:$J, 'CAP CONDUÇÃO 70º'!$K:$K, 'CAP CONDUÇÃO 70º'!$L:$L, 'CAP CONDUÇÃO 70º'!$M:$M, 'CAP CONDUÇÃO 70º'!$N:$N, 'CAP CONDUÇÃO 70º'!$O:$O, 'CAP CONDUÇÃO 70º'!$P:$P, 'CAP CONDUÇÃO 70º'!$Q:$Q, 'CAP CONDUÇÃO 70º'!$R:$R, 'CAP CONDUÇÃO 70º'!$S:$S, 'CAP CONDUÇÃO 70º'!$T:$T ), CHOOSE( MATCH(AU11, {"A1 - 2";"A1 - 3";"A2 - 2";"A2 - 3";"B1 - 2";"B1 - 3";"B2 - 2";"B2 - 3";"C - 2";"C - 3";"D - 2";"D - 3";"E - 2";"E - 3";"F - 2";"F - 3TRI";"F - 3JUST";"G - 3HOR";"G - 3VER"}, 0), 'CAP CONDUÇÃO 90º'!$B:$B, 'CAP CONDUÇÃO 90º'!$C:$C, 'CAP CONDUÇÃO 90º'!$D:$D, 'CAP CONDUÇÃO 90º'!$E:$E, 'CAP CONDUÇÃO 90º'!$F:$F, 'CAP CONDUÇÃO 90º'!$G:$G, 'CAP CONDUÇÃO 90º'!$H:$H, 'CAP CONDUÇÃO 90º'!$I:$I, 'CAP CONDUÇÃO 90º'!$J:$J, 'CAP CONDUÇÃO 90º'!$K:$K, 'CAP CONDUÇÃO 90º'!$L:$L, 'CAP CONDUÇÃO 90º'!$M:$M, 'CAP CONDUÇÃO 90º'!$N:$N, 'CAP CONDUÇÃO 90º'!$O:$O, 'CAP CONDUÇÃO 90º'!$P:$P, 'CAP CONDUÇÃO 90º'!$Q:$Q, 'CAP CONDUÇÃO 90º'!$R:$R, 'CAP CONDUÇÃO 90º'!$S:$S, 'CAP CONDUÇÃO 90º'!$T:$T ) ), 1 ) + 1 ) ), "Não há valor maior ou igual" )} -> Não há valor maior ou igual | BS11: =IFERROR(IF(BP11="","","3F#"&BR11&"mm²+N"&VLOOKUP($BR$5,NEUTRO!$A:$B,2,0)&"mm²+T"&VLOOKUP($BR$5,TERRA!$A:$B,2,0)&"mm²"),"")
A12: 8 | AP12: =IF(SUMPRODUCT(B12:AO12, B$4:AO$4)=0, "", SUMPRODUCT(B12:AO12, B$4:AO$4)) | AQ12: =IF(AP12="","",IF((SUM(B12:K12)+SUM(AF12:AO12))>=1,1,0.92)) | AR12: =IF(AP12="","",ROUND((AP12/AQ12),0)) | AY12: Em feixe: ao ar livre ou sobre superfície; embutidos; em conduto fechado (métodos A a F) | AZ12: 1 | BA12: =INDEX(AGRUPAMENTO!C10:N14,MATCH(AY12,AGRUPAMENTO!B10:B14,0),MATCH(AZ12,AGRUPAMENTO!C9:N9,0)) -> #N/A | BB12: NÃO SUBTERRÂNEA | BC12: 30 | BD12: =IF(BB12="SUBTERRÂNEA",IF(AV12="PVC",VLOOKUP(BC12,TEMPERATURA!G9:H23,2,0),VLOOKUP(BC12,TEMPERATURA!G9:I23,3,0)),IF(AV12="PVC",VLOOKUP(BC12,TEMPERATURA!B9:C23,2,0),VLOOKUP(BC12,TEMPERATURA!B9:D23,3,0))) -> #N/A | BE12: =IF( AP12="", "", _xlfn.IFS( $BI$111="127/220", IF( BH12=1, 127, IF( BH12=2, ROUND(127*SQRT(3),0), IF( BH12=3, ROUND(127*SQRT(3),0), "" ) ) ), $BI$111="220/380", IF( BH12=1, 220, IF( BH12=2, ROUND(220*SQRT(3),0)-1, IF( BH12=3, ROUND(220*SQRT(3),0)-1, "" ) ) ), $BI$111="254/440", IF( BH12=1, 254, IF( BH12=2, ROUND(254*SQRT(3),0), IF( BH12=3, ROUND(254*SQRT(3),0), "" ) ) ) ) ) | BF12: =IF(AP12="","",ROUND(AR12/IF(BH12=1,127,IF(BH12=2,220,IF(BH12=3,381,""))),1)) | BG12: =(BF12*AX12)/(BD12*BA12) -> #VALUE! | BH12: =IF(COUNTA(BJ12:BL12)=0,"",COUNTA(BJ12:BL12)) | BI12: =IF(AP12="","", IF(COUNTA(V12:AE12)>=1, MAX(IFERROR(_xlfn.AGGREGATE(15,6,DISJUNTORES!$C$2:$C$100/(DISJUNTORES!$C$2:$C$100>=BF12),1),""),25), IF(COUNTA(L12:U12)>=1, MAX(IFERROR(_xlfn.AGGREGATE(15,6,DISJUNTORES!$C$2:$C$100/(DISJUNTORES!$C$2:$C$100>=BF12),1),""),20), IF(COUNTA(A12:K12)>=1, MAX(IFERROR(_xlfn.AGGREGATE(15,6,DISJUNTORES!$C$2:$C$100/(DISJUNTORES!$C$2:$C$100>=BF12),1),""),16), IFERROR(_xlfn.AGGREGATE(15,6,DISJUNTORES!$C$2:$C$100/(DISJUNTORES!$C$2:$C$100>=BF12),1),""))))) | BM12: =IF(IF(BJ12="","",AR12/COUNTA(BJ12:BL12))=0,"",IF(BJ12="","",AR12/COUNTA(BJ12:BL12))) | BN12: =IF(IF(BK12="","",AR12/COUNTA(BJ12:BL12))=0,"",IF(BK12="","",AR12/COUNTA(BJ12:BL12))) | BO12: =IF(IF(BL12="","",AR12/COUNTA(BJ12:BL12))=0,"",IF(BL12="","",AR12/COUNTA(BJ12:BL12))) | BP12: {=IFERROR( INDEX( IF(AV12="PVC", 'CAP CONDUÇÃO 70º'!$A:$A, 'CAP CONDUÇÃO 90º'!$A:$A), IF( COUNTIF( IF(AV12="PVC", CHOOSE( MATCH(AU12, {"A1 - 2";"A1 - 3";"A2 - 2";"A2 - 3";"B1 - 2";"B1 - 3";"B2 - 2";"B2 - 3";"C - 2";"C - 3";"D - 2";"D - 3";"E - 2";"E - 3";"F - 2";"F - 3TRI";"F - 3JUST";"G - 3HOR";"G - 3VER"}, 0), 'CAP CONDUÇÃO 70º'!$B:$B, 'CAP CONDUÇÃO 70º'!$C:$C, 'CAP CONDUÇÃO 70º'!$D:$D, 'CAP CONDUÇÃO 70º'!$E:$E, 'CAP CONDUÇÃO 70º'!$F:$F, 'CAP CONDUÇÃO 70º'!$G:$G, 'CAP CONDUÇÃO 70º'!$H:$H, 'CAP CONDUÇÃO 70º'!$I:$I, 'CAP CONDUÇÃO 70º'!$J:$J, 'CAP CONDUÇÃO 70º'!$K:$K, 'CAP CONDUÇÃO 70º'!$L:$L, 'CAP CONDUÇÃO 70º'!$M:$M, 'CAP CONDUÇÃO 70º'!$N:$N, 'CAP CONDUÇÃO 70º'!$O:$O, 'CAP CONDUÇÃO 70º'!$P:$P, 'CAP CONDUÇÃO 70º'!$Q:$Q, 'CAP CONDUÇÃO 70º'!$R:$R, 'CAP CONDUÇÃO 70º'!$S:$S, 'CAP CONDUÇÃO 70º'!$T:$T ), CHOOSE( MATCH(AU12, {"A1 - 2";"A1 - 3";"A2 - 2";"A2 - 3";"B1 - 2";"B1 - 3";"B2 - 2";"B2 - 3";"C - 2";"C - 3";"D - 2";"D - 3";"E - 2";"E - 3";"F - 2";"F - 3TRI";"F - 3JUST";"G - 3HOR";"G - 3VER"}, 0), 'CAP CONDUÇÃO 90º'!$B:$B, 'CAP CONDUÇÃO 90º'!$C:$C, 'CAP CONDUÇÃO 90º'!$D:$D, 'CAP CONDUÇÃO 90º'!$E:$E, 'CAP CONDUÇÃO 90º'!$F:$F, 'CAP CONDUÇÃO 90º'!$G:$G, 'CAP CONDUÇÃO 90º'!$H:$H, 'CAP CONDUÇÃO 90º'!$I:$I, 'CAP CONDUÇÃO 90º'!$J:$J, 'CAP CONDUÇÃO 90º'!$K:$K, 'CAP CONDUÇÃO 90º'!$L:$L, 'CAP CONDUÇÃO 90º'!$M:$M, 'CAP CONDUÇÃO 90º'!$N:$N, 'CAP CONDUÇÃO 90º'!$O:$O, 'CAP CONDUÇÃO 90º'!$P:$P, 'CAP CONDUÇÃO 90º'!$Q:$Q, 'CAP CONDUÇÃO 90º'!$R:$R, 'CAP CONDUÇÃO 90º'!$S:$S, 'CAP CONDUÇÃO 90º'!$T:$T ) ), BI12 ) > 0, MATCH(BI12, IF(AV12="PVC", CHOOSE( MATCH(AU12, {"A1 - 2";"A1 - 3";"A2 - 2";"A2 - 3";"B1 - 2";"B1 - 3";"B2 - 2";"B2 - 3";"C - 2";"C - 3";"D - 2";"D - 3";"E - 2";"E - 3";"F - 2";"F - 3TRI";"F - 3JUST";"G - 3HOR";"G - 3VER"}, 0), 'CAP CONDUÇÃO 70º'!$B:$B, 'CAP CONDUÇÃO 70º'!$C:$C, 'CAP CONDUÇÃO 70º'!$D:$D, 'CAP CONDUÇÃO 70º'!$E:$E, 'CAP CONDUÇÃO 70º'!$F:$F, 'CAP CONDUÇÃO 70º'!$G:$G, 'CAP CONDUÇÃO 70º'!$H:$H, 'CAP CONDUÇÃO 70º'!$I:$I, 'CAP CONDUÇÃO 70º'!$J:$J, 'CAP CONDUÇÃO 70º'!$K:$K, 'CAP CONDUÇÃO 70º'!$L:$L, 'CAP CONDUÇÃO 70º'!$M:$M, 'CAP CONDUÇÃO 70º'!$N:$N, 'CAP CONDUÇÃO 70º'!$O:$O, 'CAP CONDUÇÃO 70º'!$P:$P, 'CAP CONDUÇÃO 70º'!$Q:$Q, 'CAP CONDUÇÃO 70º'!$R:$R, 'CAP CONDUÇÃO 70º'!$S:$S, 'CAP CONDUÇÃO 70º'!$T:$T ), CHOOSE( MATCH(AU12, {"A1 - 2";"A1 - 3";"A2 - 2";"A2 - 3";"B1 - 2";"B1 - 3";"B2 - 2";"B2 - 3";"C - 2";"C - 3";"D - 2";"D - 3";"E - 2";"E - 3";"F - 2";"F - 3TRI";"F - 3JUST";"G - 3HOR";"G - 3VER"}, 0), 'CAP CONDUÇÃO 90º'!$B:$B, 'CAP CONDUÇÃO 90º'!$C:$C, 'CAP CONDUÇÃO 90º'!$D:$D, 'CAP CONDUÇÃO 90º'!$E:$E, 'CAP CONDUÇÃO 90º'!$F:$F, 'CAP CONDUÇÃO 90º'!$G:$G, 'CAP CONDUÇÃO 90º'!$H:$H, 'CAP CONDUÇÃO 90º'!$I:$I, 'CAP CONDUÇÃO 90º'!$J:$J, 'CAP CONDUÇÃO 90º'!$K:$K, 'CAP CONDUÇÃO 90º'!$L:$L, 'CAP CONDUÇÃO 90º'!$M:$M, 'CAP CONDUÇÃO 90º'!$N:$N, 'CAP CONDUÇÃO 90º'!$O:$O, 'CAP CONDUÇÃO 90º'!$P:$P, 'CAP CONDUÇÃO 90º'!$Q:$Q, 'CAP CONDUÇÃO 90º'!$R:$R, 'CAP CONDUÇÃO 90º'!$S:$S, 'CAP CONDUÇÃO 90º'!$T:$T ) ), 0 ), MATCH(BI12, IF(AV12="PVC", CHOOSE( MATCH(AU12, {"A1 - 2";"A1 - 3";"A2 - 2";"A2 - 3";"B1 - 2";"B1 - 3";"B2 - 2";"B2 - 3";"C - 2";"C - 3";"D - 2";"D - 3";"E - 2";"E - 3";"F - 2";"F - 3TRI";"F - 3JUST";"G - 3HOR";"G - 3VER"}, 0), 'CAP CONDUÇÃO 70º'!$B:$B, 'CAP CONDUÇÃO 70º'!$C:$C, 'CAP CONDUÇÃO 70º'!$D:$D, 'CAP CONDUÇÃO 70º'!$E:$E, 'CAP CONDUÇÃO 70º'!$F:$F, 'CAP CONDUÇÃO 70º'!$G:$G, 'CAP CONDUÇÃO 70º'!$H:$H, 'CAP CONDUÇÃO 70º'!$I:$I, 'CAP CONDUÇÃO 70º'!$J:$J, 'CAP CONDUÇÃO 70º'!$K:$K, 'CAP CONDUÇÃO 70º'!$L:$L, 'CAP CONDUÇÃO 70º'!$M:$M, 'CAP CONDUÇÃO 70º'!$N:$N, 'CAP CONDUÇÃO 70º'!$O:$O, 'CAP CONDUÇÃO 70º'!$P:$P, 'CAP CONDUÇÃO 70º'!$Q:$Q, 'CAP CONDUÇÃO 70º'!$R:$R, 'CAP CONDUÇÃO 70º'!$S:$S, 'CAP CONDUÇÃO 70º'!$T:$T ), CHOOSE( MATCH(AU12, {"A1 - 2";"A1 - 3";"A2 - 2";"A2 - 3";"B1 - 2";"B1 - 3";"B2 - 2";"B2 - 3";"C - 2";"C - 3";"D - 2";"D - 3";"E - 2";"E - 3";"F - 2";"F - 3TRI";"F - 3JUST";"G - 3HOR";"G - 3VER"}, 0), 'CAP CONDUÇÃO 90º'!$B:$B, 'CAP CONDUÇÃO 90º'!$C:$C, 'CAP CONDUÇÃO 90º'!$D:$D, 'CAP CONDUÇÃO 90º'!$E:$E, 'CAP CONDUÇÃO 90º'!$F:$F, 'CAP CONDUÇÃO 90º'!$G:$G, 'CAP CONDUÇÃO 90º'!$H:$H, 'CAP CONDUÇÃO 90º'!$I:$I, 'CAP CONDUÇÃO 90º'!$J:$J, 'CAP CONDUÇÃO 90º'!$K:$K, 'CAP CONDUÇÃO 90º'!$L:$L, 'CAP CONDUÇÃO 90º'!$M:$M, 'CAP CONDUÇÃO 90º'!$N:$N, 'CAP CONDUÇÃO 90º'!$O:$O, 'CAP CONDUÇÃO 90º'!$P:$P, 'CAP CONDUÇÃO 90º'!$Q:$Q, 'CAP CONDUÇÃO 90º'!$R:$R, 'CAP CONDUÇÃO 90º'!$S:$S, 'CAP CONDUÇÃO 90º'!$T:$T ) ), 1 ) + 1 ) ), "Não há valor maior ou igual" )} -> Não há valor maior ou igual | BS12: =IFERROR(IF(BP12="","","3F#"&BR12&"mm²+N"&VLOOKUP($BR$5,NEUTRO!$A:$B,2,0)&"mm²+T"&VLOOKUP($BR$5,TERRA!$A:$B,2,0)&"mm²"),"")
A13: 9 | AP13: =IF(SUMPRODUCT(B13:AO13, B$4:AO$4)=0, "", SUMPRODUCT(B13:AO13, B$4:AO$4)) | AQ13: =IF(AP13="","",IF((SUM(B13:K13)+SUM(AF13:AO13))>=1,1,0.92)) | AR13: =IF(AP13="","",ROUND((AP13/AQ13),0)) | AY13: Em feixe: ao ar livre ou sobre superfície; embutidos; em conduto fechado (métodos A a F) | AZ13: 1 | BA13: =INDEX(AGRUPAMENTO!C11:N15,MATCH(AY13,AGRUPAMENTO!B11:B15,0),MATCH(AZ13,AGRUPAMENTO!C10:N10,0)) -> #N/A | BB13: NÃO SUBTERRÂNEA | BC13: 30 | BD13: =IF(BB13="SUBTERRÂNEA",IF(AV13="PVC",VLOOKUP(BC13,TEMPERATURA!G10:H24,2,0),VLOOKUP(BC13,TEMPERATURA!G10:I24,3,0)),IF(AV13="PVC",VLOOKUP(BC13,TEMPERATURA!B10:C24,2,0),VLOOKUP(BC13,TEMPERATURA!B10:D24,3,0))) -> #N/A | BE13: =IF( AP13="", "", _xlfn.IFS( $BI$111="127/220", IF( BH13=1, 127, IF( BH13=2, ROUND(127*SQRT(3),0), IF( BH13=3, ROUND(127*SQRT(3),0), "" ) ) ), $BI$111="220/380", IF( BH13=1, 220, IF( BH13=2, ROUND(220*SQRT(3),0)-1, IF( BH13=3, ROUND(220*SQRT(3),0)-1, "" ) ) ), $BI$111="254/440", IF( BH13=1, 254, IF( BH13=2, ROUND(254*SQRT(3),0), IF( BH13=3, ROUND(254*SQRT(3),0), "" ) ) ) ) ) | BF13: =IF(AP13="","",ROUND(AR13/IF(BH13=1,127,IF(BH13=2,220,IF(BH13=3,381,""))),1)) | BG13: =(BF13*AX13)/(BD13*BA13) -> #VALUE! | BH13: =IF(COUNTA(BJ13:BL13)=0,"",COUNTA(BJ13:BL13)) | BI13: =IF(AP13="","", IF(COUNTA(V13:AE13)>=1, MAX(IFERROR(_xlfn.AGGREGATE(15,6,DISJUNTORES!$C$2:$C$100/(DISJUNTORES!$C$2:$C$100>=BF13),1),""),25), IF(COUNTA(L13:U13)>=1, MAX(IFERROR(_xlfn.AGGREGATE(15,6,DISJUNTORES!$C$2:$C$100/(DISJUNTORES!$C$2:$C$100>=BF13),1),""),20), IF(COUNTA(A13:K13)>=1, MAX(IFERROR(_xlfn.AGGREGATE(15,6,DISJUNTORES!$C$2:$C$100/(DISJUNTORES!$C$2:$C$100>=BF13),1),""),16), IFERROR(_xlfn.AGGREGATE(15,6,DISJUNTORES!$C$2:$C$100/(DISJUNTORES!$C$2:$C$100>=BF13),1),""))))) | BM13: =IF(IF(BJ13="","",AR13/COUNTA(BJ13:BL13))=0,"",IF(BJ13="","",AR13/COUNTA(BJ13:BL13))) | BN13: =IF(IF(BK13="","",AR13/COUNTA(BJ13:BL13))=0,"",IF(BK13="","",AR13/COUNTA(BJ13:BL13))) | BO13: =IF(IF(BL13="","",AR13/COUNTA(BJ13:BL13))=0,"",IF(BL13="","",AR13/COUNTA(BJ13:BL13))) | BP13: {=IFERROR( INDEX( IF(AV13="PVC", 'CAP CONDUÇÃO 70º'!$A:$A, 'CAP CONDUÇÃO 90º'!$A:$A), IF( COUNTIF( IF(AV13="PVC", CHOOSE( MATCH(AU13, {"A1 - 2";"A1 - 3";"A2 - 2";"A2 - 3";"B1 - 2";"B1 - 3";"B2 - 2";"B2 - 3";"C - 2";"C - 3";"D - 2";"D - 3";"E - 2";"E - 3";"F - 2";"F - 3TRI";"F - 3JUST";"G - 3HOR";"G - 3VER"}, 0), 'CAP CONDUÇÃO 70º'!$B:$B, 'CAP CONDUÇÃO 70º'!$C:$C, 'CAP CONDUÇÃO 70º'!$D:$D, 'CAP CONDUÇÃO 70º'!$E:$E, 'CAP CONDUÇÃO 70º'!$F:$F, 'CAP CONDUÇÃO 70º'!$G:$G, 'CAP CONDUÇÃO 70º'!$H:$H, 'CAP CONDUÇÃO 70º'!$I:$I, 'CAP CONDUÇÃO 70º'!$J:$J, 'CAP CONDUÇÃO 70º'!$K:$K, 'CAP CONDUÇÃO 70º'!$L:$L, 'CAP CONDUÇÃO 70º'!$M:$M, 'CAP CONDUÇÃO 70º'!$N:$N, 'CAP CONDUÇÃO 70º'!$O:$O, 'CAP CONDUÇÃO 70º'!$P:$P, 'CAP CONDUÇÃO 70º'!$Q:$Q, 'CAP CONDUÇÃO 70º'!$R:$R, 'CAP CONDUÇÃO 70º'!$S:$S, 'CAP CONDUÇÃO 70º'!$T:$T ), CHOOSE( MATCH(AU13, {"A1 - 2";"A1 - 3";"A2 - 2";"A2 - 3";"B1 - 2";"B1 - 3";"B2 - 2";"B2 - 3";"C - 2";"C - 3";"D - 2";"D - 3";"E - 2";"E - 3";"F - 2";"F - 3TRI";"F - 3JUST";"G - 3HOR";"G - 3VER"}, 0), 'CAP CONDUÇÃO 90º'!$B:$B, 'CAP CONDUÇÃO 90º'!$C:$C, 'CAP CONDUÇÃO 90º'!$D:$D, 'CAP CONDUÇÃO 90º'!$E:$E, 'CAP CONDUÇÃO 90º'!$F:$F, 'CAP CONDUÇÃO 90º'!$G:$G, 'CAP CONDUÇÃO 90º'!$H:$H, 'CAP CONDUÇÃO 90º'!$I:$I, 'CAP CONDUÇÃO 90º'!$J:$J, 'CAP CONDUÇÃO 90º'!$K:$K, 'CAP CONDUÇÃO 90º'!$L:$L, 'CAP CONDUÇÃO 90º'!$M:$M, 'CAP CONDUÇÃO 90º'!$N:$N, 'CAP CONDUÇÃO 90º'!$O:$O, 'CAP CONDUÇÃO 90º'!$P:$P, 'CAP CONDUÇÃO 90º'!$Q:$Q, 'CAP CONDUÇÃO 90º'!$R:$R, 'CAP CONDUÇÃO 90º'!$S:$S, 'CAP CONDUÇÃO 90º'!$T:$T ) ), BI13 ) > 0, MATCH(BI13, IF(AV13="PVC", CHOOSE( MATCH(AU13, {"A1 - 2";"A1 - 3";"A2 - 2";"A2 - 3";"B1 - 2";"B1 - 3";"B2 - 2";"B2 - 3";"C - 2";"C - 3";"D - 2";"D - 3";"E - 2";"E - 3";"F - 2";"F - 3TRI";"F - 3JUST";"G - 3HOR";"G - 3VER"}, 0), 'CAP CONDUÇÃO 70º'!$B:$B, 'CAP CONDUÇÃO 70º'!$C:$C, 'CAP CONDUÇÃO 70º'!$D:$D, 'CAP CONDUÇÃO 70º'!$E:$E, 'CAP CONDUÇÃO 70º'!$F:$F, 'CAP CONDUÇÃO 70º'!$G:$G, 'CAP CONDUÇÃO 70º'!$H:$H, 'CAP CONDUÇÃO 70º'!$I:$I, 'CAP CONDUÇÃO 70º'!$J:$J, 'CAP CONDUÇÃO 70º'!$K:$K, 'CAP CONDUÇÃO 70º'!$L:$L, 'CAP CONDUÇÃO 70º'!$M:$M, 'CAP CONDUÇÃO 70º'!$N:$N, 'CAP CONDUÇÃO 70º'!$O:$O, 'CAP CONDUÇÃO 70º'!$P:$P, 'CAP CONDUÇÃO 70º'!$Q:$Q, 'CAP CONDUÇÃO 70º'!$R:$R, 'CAP CONDUÇÃO 70º'!$S:$S, 'CAP CONDUÇÃO 70º'!$T:$T ), CHOOSE( MATCH(AU13, {"A1 - 2";"A1 - 3";"A2 - 2";"A2 - 3";"B1 - 2";"B1 - 3";"B2 - 2";"B2 - 3";"C - 2";"C - 3";"D - 2";"D - 3";"E - 2";"E - 3";"F - 2";"F - 3TRI";"F - 3JUST";"G - 3HOR";"G - 3VER"}, 0), 'CAP CONDUÇÃO 90º'!$B:$B, 'CAP CONDUÇÃO 90º'!$C:$C, 'CAP CONDUÇÃO 90º'!$D:$D, 'CAP CONDUÇÃO 90º'!$E:$E, 'CAP CONDUÇÃO 90º'!$F:$F, 'CAP CONDUÇÃO 90º'!$G:$G, 'CAP CONDUÇÃO 90º'!$H:$H, 'CAP CONDUÇÃO 90º'!$I:$I, 'CAP CONDUÇÃO 90º'!$J:$J, 'CAP CONDUÇÃO 90º'!$K:$K, 'CAP CONDUÇÃO 90º'!$L:$L, 'CAP CONDUÇÃO 90º'!$M:$M, 'CAP CONDUÇÃO 90º'!$N:$N, 'CAP CONDUÇÃO 90º'!$O:$O, 'CAP CONDUÇÃO 90º'!$P:$P, 'CAP CONDUÇÃO 90º'!$Q:$Q, 'CAP CONDUÇÃO 90º'!$R:$R, 'CAP CONDUÇÃO 90º'!$S:$S, 'CAP CONDUÇÃO 90º'!$T:$T ) ), 0 ), MATCH(BI13, IF(AV13="PVC", CHOOSE( MATCH(AU13, {"A1 - 2";"A1 - 3";"A2 - 2";"A2 - 3";"B1 - 2";"B1 - 3";"B2 - 2";"B2 - 3";"C - 2";"C - 3";"D - 2";"D - 3";"E - 2";"E - 3";"F - 2";"F - 3TRI";"F - 3JUST";"G - 3HOR";"G - 3VER"}, 0), 'CAP CONDUÇÃO 70º'!$B:$B, 'CAP CONDUÇÃO 70º'!$C:$C, 'CAP CONDUÇÃO 70º'!$D:$D, 'CAP CONDUÇÃO 70º'!$E:$E, 'CAP CONDUÇÃO 70º'!$F:$F, 'CAP CONDUÇÃO 70º'!$G:$G, 'CAP CONDUÇÃO 70º'!$H:$H, 'CAP CONDUÇÃO 70º'!$I:$I, 'CAP CONDUÇÃO 70º'!$J:$J, 'CAP CONDUÇÃO 70º'!$K:$K, 'CAP CONDUÇÃO 70º'!$L:$L, 'CAP CONDUÇÃO 70º'!$M:$M, 'CAP CONDUÇÃO 70º'!$N:$N, 'CAP CONDUÇÃO 70º'!$O:$O, 'CAP CONDUÇÃO 70º'!$P:$P, 'CAP CONDUÇÃO 70º'!$Q:$Q, 'CAP CONDUÇÃO 70º'!$R:$R, 'CAP CONDUÇÃO 70º'!$S:$S, 'CAP CONDUÇÃO 70º'!$T:$T ), CHOOSE( MATCH(AU13, {"A1 - 2";"A1 - 3";"A2 - 2";"A2 - 3";"B1 - 2";"B1 - 3";"B2 - 2";"B2 - 3";"C - 2";"C - 3";"D - 2";"D - 3";"E - 2";"E - 3";"F - 2";"F - 3TRI";"F - 3JUST";"G - 3HOR";"G - 3VER"}, 0), 'CAP CONDUÇÃO 90º'!$B:$B, 'CAP CONDUÇÃO 90º'!$C:$C, 'CAP CONDUÇÃO 90º'!$D:$D, 'CAP CONDUÇÃO 90º'!$E:$E, 'CAP CONDUÇÃO 90º'!$F:$F, 'CAP CONDUÇÃO 90º'!$G:$G, 'CAP CONDUÇÃO 90º'!$H:$H, 'CAP CONDUÇÃO 90º'!$I:$I, 'CAP CONDUÇÃO 90º'!$J:$J, 'CAP CONDUÇÃO 90º'!$K:$K, 'CAP CONDUÇÃO 90º'!$L:$L, 'CAP CONDUÇÃO 90º'!$M:$M, 'CAP CONDUÇÃO 90º'!$N:$N, 'CAP CONDUÇÃO 90º'!$O:$O, 'CAP CONDUÇÃO 90º'!$P:$P, 'CAP CONDUÇÃO 90º'!$Q:$Q, 'CAP CONDUÇÃO 90º'!$R:$R, 'CAP CONDUÇÃO 90º'!$S:$S, 'CAP CONDUÇÃO 90º'!$T:$T ) ), 1 ) + 1 ) ), "Não há valor maior ou igual" )} -> Não há valor maior ou igual | BS13: =IFERROR(IF(BP13="","","3F#"&BR13&"mm²+N"&VLOOKUP($BR$5,NEUTRO!$A:$B,2,0)&"mm²+T"&VLOOKUP($BR$5,TERRA!$A:$B,2,0)&"mm²"),"")
A14: 10 | AP14: =IF(SUMPRODUCT(B14:AO14, B$4:AO$4)=0, "", SUMPRODUCT(B14:AO14, B$4:AO$4)) | AQ14: =IF(AP14="","",IF((SUM(B14:K14)+SUM(AF14:AO14))>=1,1,0.92)) | AR14: =IF(AP14="","",ROUND((AP14/AQ14),0)) | AY14: Em feixe: ao ar livre ou sobre superfície; embutidos; em conduto fechado (métodos A a F) | AZ14: 1 | BA14: =INDEX(AGRUPAMENTO!C12:N16,MATCH(AY14,AGRUPAMENTO!B12:B16,0),MATCH(AZ14,AGRUPAMENTO!C11:N11,0)) -> #N/A | BB14: NÃO SUBTERRÂNEA | BC14: 30 | BD14: =IF(BB14="SUBTERRÂNEA",IF(AV14="PVC",VLOOKUP(BC14,TEMPERATURA!G11:H25,2,0),VLOOKUP(BC14,TEMPERATURA!G11:I25,3,0)),IF(AV14="PVC",VLOOKUP(BC14,TEMPERATURA!B11:C25,2,0),VLOOKUP(BC14,TEMPERATURA!B11:D25,3,0))) -> #N/A | BE14: =IF( AP14="", "", _xlfn.IFS( $BI$111="127/220", IF( BH14=1, 127, IF( BH14=2, ROUND(127*SQRT(3),0), IF( BH14=3, ROUND(127*SQRT(3),0), "" ) ) ), $BI$111="220/380", IF( BH14=1, 220, IF( BH14=2, ROUND(220*SQRT(3),0)-1, IF( BH14=3, ROUND(220*SQRT(3),0)-1, "" ) ) ), $BI$111="254/440", IF( BH14=1, 254, IF( BH14=2, ROUND(254*SQRT(3),0), IF( BH14=3, ROUND(254*SQRT(3),0), "" ) ) ) ) ) | BF14: =IF(AP14="","",ROUND(AR14/IF(BH14=1,127,IF(BH14=2,220,IF(BH14=3,381,""))),1)) | BG14: =(BF14*AX14)/(BD14*BA14) -> #VALUE! | BH14: =IF(COUNTA(BJ14:BL14)=0,"",COUNTA(BJ14:BL14)) | BI14: =IF(AP14="","", IF(COUNTA(V14:AE14)>=1, MAX(IFERROR(_xlfn.AGGREGATE(15,6,DISJUNTORES!$C$2:$C$100/(DISJUNTORES!$C$2:$C$100>=BF14),1),""),25), IF(COUNTA(L14:U14)>=1, MAX(IFERROR(_xlfn.AGGREGATE(15,6,DISJUNTORES!$C$2:$C$100/(DISJUNTORES!$C$2:$C$100>=BF14),1),""),20), IF(COUNTA(A14:K14)>=1, MAX(IFERROR(_xlfn.AGGREGATE(15,6,DISJUNTORES!$C$2:$C$100/(DISJUNTORES!$C$2:$C$100>=BF14),1),""),16), IFERROR(_xlfn.AGGREGATE(15,6,DISJUNTORES!$C$2:$C$100/(DISJUNTORES!$C$2:$C$100>=BF14),1),""))))) | BM14: =IF(IF(BJ14="","",AR14/COUNTA(BJ14:BL14))=0,"",IF(BJ14="","",AR14/COUNTA(BJ14:BL14))) | BN14: =IF(IF(BK14="","",AR14/COUNTA(BJ14:BL14))=0,"",IF(BK14="","",AR14/COUNTA(BJ14:BL14))) | BO14: =IF(IF(BL14="","",AR14/COUNTA(BJ14:BL14))=0,"",IF(BL14="","",AR14/COUNTA(BJ14:BL14))) | BP14: {=IFERROR( INDEX( IF(AV14="PVC", 'CAP CONDUÇÃO 70º'!$A:$A, 'CAP CONDUÇÃO 90º'!$A:$A), IF( COUNTIF( IF(AV14="PVC", CHOOSE( MATCH(AU14, {"A1 - 2";"A1 - 3";"A2 - 2";"A2 - 3";"B1 - 2";"B1 - 3";"B2 - 2";"B2 - 3";"C - 2";"C - 3";"D - 2";"D - 3";"E - 2";"E - 3";"F - 2";"F - 3TRI";"F - 3JUST";"G - 3HOR";"G - 3VER"}, 0), 'CAP CONDUÇÃO 70º'!$B:$B, 'CAP CONDUÇÃO 70º'!$C:$C, 'CAP CONDUÇÃO 70º'!$D:$D, 'CAP CONDUÇÃO 70º'!$E:$E, 'CAP CONDUÇÃO 70º'!$F:$F, 'CAP CONDUÇÃO 70º'!$G:$G, 'CAP CONDUÇÃO 70º'!$H:$H, 'CAP CONDUÇÃO 70º'!$I:$I, 'CAP CONDUÇÃO 70º'!$J:$J, 'CAP CONDUÇÃO 70º'!$K:$K, 'CAP CONDUÇÃO 70º'!$L:$L, 'CAP CONDUÇÃO 70º'!$M:$M, 'CAP CONDUÇÃO 70º'!$N:$N, 'CAP CONDUÇÃO 70º'!$O:$O, 'CAP CONDUÇÃO 70º'!$P:$P, 'CAP CONDUÇÃO 70º'!$Q:$Q, 'CAP CONDUÇÃO 70º'!$R:$R, 'CAP CONDUÇÃO 70º'!$S:$S, 'CAP CONDUÇÃO 70º'!$T:$T ), CHOOSE( MATCH(AU14, {"A1 - 2";"A1 - 3";"A2 - 2";"A2 - 3";"B1 - 2";"B1 - 3";"B2 - 2";"B2 - 3";"C - 2";"C - 3";"D - 2";"D - 3";"E - 2";"E - 3";"F - 2";"F - 3TRI";"F - 3JUST";"G - 3HOR";"G - 3VER"}, 0), 'CAP CONDUÇÃO 90º'!$B:$B, 'CAP CONDUÇÃO 90º'!$C:$C, 'CAP CONDUÇÃO 90º'!$D:$D, 'CAP CONDUÇÃO 90º'!$E:$E, 'CAP CONDUÇÃO 90º'!$F:$F, 'CAP CONDUÇÃO 90º'!$G:$G, 'CAP CONDUÇÃO 90º'!$H:$H, 'CAP CONDUÇÃO 90º'!$I:$I, 'CAP CONDUÇÃO 90º'!$J:$J, 'CAP CONDUÇÃO 90º'!$K:$K, 'CAP CONDUÇÃO 90º'!$L:$L, 'CAP CONDUÇÃO 90º'!$M:$M, 'CAP CONDUÇÃO 90º'!$N:$N, 'CAP CONDUÇÃO 90º'!$O:$O, 'CAP CONDUÇÃO 90º'!$P:$P, 'CAP CONDUÇÃO 90º'!$Q:$Q, 'CAP CONDUÇÃO 90º'!$R:$R, 'CAP CONDUÇÃO 90º'!$S:$S, 'CAP CONDUÇÃO 90º'!$T:$T ) ), BI14 ) > 0, MATCH(BI14, IF(AV14="PVC", CHOOSE( MATCH(AU14, {"A1 - 2";"A1 - 3";"A2 - 2";"A2 - 3";"B1 - 2";"B1 - 3";"B2 - 2";"B2 - 3";"C - 2";"C - 3";"D - 2";"D - 3";"E - 2";"E - 3";"F - 2";"F - 3TRI";"F - 3JUST";"G - 3HOR";"G - 3VER"}, 0), 'CAP CONDUÇÃO 70º'!$B:$B, 'CAP CONDUÇÃO 70º'!$C:$C, 'CAP CONDUÇÃO 70º'!$D:$D, 'CAP CONDUÇÃO 70º'!$E:$E, 'CAP CONDUÇÃO 70º'!$F:$F, 'CAP CONDUÇÃO 70º'!$G:$G, 'CAP CONDUÇÃO 70º'!$H:$H, 'CAP CONDUÇÃO 70º'!$I:$I, 'CAP CONDUÇÃO 70º'!$J:$J, 'CAP CONDUÇÃO 70º'!$K:$K, 'CAP CONDUÇÃO 70º'!$L:$L, 'CAP CONDUÇÃO 70º'!$M:$M, 'CAP CONDUÇÃO 70º'!$N:$N, 'CAP CONDUÇÃO 70º'!$O:$O, 'CAP CONDUÇÃO 70º'!$P:$P, 'CAP CONDUÇÃO 70º'!$Q:$Q, 'CAP CONDUÇÃO 70º'!$R:$R, 'CAP CONDUÇÃO 70º'!$S:$S, 'CAP CONDUÇÃO 70º'!$T:$T ), CHOOSE( MATCH(AU14, {"A1 - 2";"A1 - 3";"A2 - 2";"A2 - 3";"B1 - 2";"B1 - 3";"B2 - 2";"B2 - 3";"C - 2";"C - 3";"D - 2";"D - 3";"E - 2";"E - 3";"F - 2";"F - 3TRI";"F - 3JUST";"G - 3HOR";"G - 3VER"}, 0), 'CAP CONDUÇÃO 90º'!$B:$B, 'CAP CONDUÇÃO 90º'!$C:$C, 'CAP CONDUÇÃO 90º'!$D:$D, 'CAP CONDUÇÃO 90º'!$E:$E, 'CAP CONDUÇÃO 90º'!$F:$F, 'CAP CONDUÇÃO 90º'!$G:$G, 'CAP CONDUÇÃO 90º'!$H:$H, 'CAP CONDUÇÃO 90º'!$I:$I, 'CAP CONDUÇÃO 90º'!$J:$J, 'CAP CONDUÇÃO 90º'!$K:$K, 'CAP CONDUÇÃO 90º'!$L:$L, 'CAP CONDUÇÃO 90º'!$M:$M, 'CAP CONDUÇÃO 90º'!$N:$N, 'CAP CONDUÇÃO 90º'!$O:$O, 'CAP CONDUÇÃO 90º'!$P:$P, 'CAP CONDUÇÃO 90º'!$Q:$Q, 'CAP CONDUÇÃO 90º'!$R:$R, 'CAP CONDUÇÃO 90º'!$S:$S, 'CAP CONDUÇÃO 90º'!$T:$T ) ), 0 ), MATCH(BI14, IF(AV14="PVC", CHOOSE( MATCH(AU14, {"A1 - 2";"A1 - 3";"A2 - 2";"A2 - 3";"B1 - 2";"B1 - 3";"B2 - 2";"B2 - 3";"C - 2";"C - 3";"D - 2";"D - 3";"E - 2";"E - 3";"F - 2";"F - 3TRI";"F - 3JUST";"G - 3HOR";"G - 3VER"}, 0), 'CAP CONDUÇÃO 70º'!$B:$B, 'CAP CONDUÇÃO 70º'!$C:$C, 'CAP CONDUÇÃO 70º'!$D:$D, 'CAP CONDUÇÃO 70º'!$E:$E, 'CAP CONDUÇÃO 70º'!$F:$F, 'CAP CONDUÇÃO 70º'!$G:$G, 'CAP CONDUÇÃO 70º'!$H:$H, 'CAP CONDUÇÃO 70º'!$I:$I, 'CAP CONDUÇÃO 70º'!$J:$J, 'CAP CONDUÇÃO 70º'!$K:$K, 'CAP CONDUÇÃO 70º'!$L:$L, 'CAP CONDUÇÃO 70º'!$M:$M, 'CAP CONDUÇÃO 70º'!$N:$N, 'CAP CONDUÇÃO 70º'!$O:$O, 'CAP CONDUÇÃO 70º'!$P:$P, 'CAP CONDUÇÃO 70º'!$Q:$Q, 'CAP CONDUÇÃO 70º'!$R:$R, 'CAP CONDUÇÃO 70º'!$S:$S, 'CAP CONDUÇÃO 70º'!$T:$T ), CHOOSE( MATCH(AU14, {"A1 - 2";"A1 - 3";"A2 - 2";"A2 - 3";"B1 - 2";"B1 - 3";"B2 - 2";"B2 - 3";"C - 2";"C - 3";"D - 2";"D - 3";"E - 2";"E - 3";"F - 2";"F - 3TRI";"F - 3JUST";"G - 3HOR";"G - 3VER"}, 0), 'CAP CONDUÇÃO 90º'!$B:$B, 'CAP CONDUÇÃO 90º'!$C:$C, 'CAP CONDUÇÃO 90º'!$D:$D, 'CAP CONDUÇÃO 90º'!$E:$E, 'CAP CONDUÇÃO 90º'!$F:$F, 'CAP CONDUÇÃO 90º'!$G:$G, 'CAP CONDUÇÃO 90º'!$H:$H, 'CAP CONDUÇÃO 90º'!$I:$I, 'CAP CONDUÇÃO 90º'!$J:$J, 'CAP CONDUÇÃO 90º'!$K:$K, 'CAP CONDUÇÃO 90º'!$L:$L, 'CAP CONDUÇÃO 90º'!$M:$M, 'CAP CONDUÇÃO 90º'!$N:$N, 'CAP CONDUÇÃO 90º'!$O:$O, 'CAP CONDUÇÃO 90º'!$P:$P, 'CAP CONDUÇÃO 90º'!$Q:$Q, 'CAP CONDUÇÃO 90º'!$R:$R, 'CAP CONDUÇÃO 90º'!$S:$S, 'CAP CONDUÇÃO 90º'!$T:$T ) ), 1 ) + 1 ) ), "Não há valor maior ou igual" )} -> Não há valor maior ou igual | BS14: =IFERROR(IF(BP14="","","3F#"&BR14&"mm²+N"&VLOOKUP($BR$5,NEUTRO!$A:$B,2,0)&"mm²+T"&VLOOKUP($BR$5,TERRA!$A:$B,2,0)&"mm²"),"")
A15: 11 | AP15: =IF(SUMPRODUCT(B15:AO15, B$4:AO$4)=0, "", SUMPRODUCT(B15:AO15, B$4:AO$4)) | AQ15: =IF(AP15="","",IF((SUM(B15:K15)+SUM(AF15:AO15))>=1,1,0.92)) | AR15: =IF(AP15="","",ROUND((AP15/AQ15),0)) | AY15: Em feixe: ao ar livre ou sobre superfície; embutidos; em conduto fechado (métodos A a F) | AZ15: 1 | BA15: =INDEX(AGRUPAMENTO!C13:N17,MATCH(AY15,AGRUPAMENTO!B13:B17,0),MATCH(AZ15,AGRUPAMENTO!C12:N12,0)) -> #N/A | BB15: NÃO SUBTERRÂNEA | BC15: 30 | BD15: =IF(BB15="SUBTERRÂNEA",IF(AV15="PVC",VLOOKUP(BC15,TEMPERATURA!G12:H26,2,0),VLOOKUP(BC15,TEMPERATURA!G12:I26,3,0)),IF(AV15="PVC",VLOOKUP(BC15,TEMPERATURA!B12:C26,2,0),VLOOKUP(BC15,TEMPERATURA!B12:D26,3,0))) -> #N/A | BE15: =IF( AP15="", "", _xlfn.IFS( $BI$111="127/220", IF( BH15=1, 127, IF( BH15=2, ROUND(127*SQRT(3),0), IF( BH15=3, ROUND(127*SQRT(3),0), "" ) ) ), $BI$111="220/380", IF( BH15=1, 220, IF( BH15=2, ROUND(220*SQRT(3),0)-1, IF( BH15=3, ROUND(220*SQRT(3),0)-1, "" ) ) ), $BI$111="254/440", IF( BH15=1, 254, IF( BH15=2, ROUND(254*SQRT(3),0), IF( BH15=3, ROUND(254*SQRT(3),0), "" ) ) ) ) ) | BF15: =IF(AP15="","",ROUND(AR15/IF(BH15=1,127,IF(BH15=2,220,IF(BH15=3,381,""))),1)) | BG15: =(BF15*AX15)/(BD15*BA15) -> #VALUE! | BH15: =IF(COUNTA(BJ15:BL15)=0,"",COUNTA(BJ15:BL15)) | BI15: =IF(AP15="","", IF(COUNTA(V15:AE15)>=1, MAX(IFERROR(_xlfn.AGGREGATE(15,6,DISJUNTORES!$C$2:$C$100/(DISJUNTORES!$C$2:$C$100>=BF15),1),""),25), IF(COUNTA(L15:U15)>=1, MAX(IFERROR(_xlfn.AGGREGATE(15,6,DISJUNTORES!$C$2:$C$100/(DISJUNTORES!$C$2:$C$100>=BF15),1),""),20), IF(COUNTA(A15:K15)>=1, MAX(IFERROR(_xlfn.AGGREGATE(15,6,DISJUNTORES!$C$2:$C$100/(DISJUNTORES!$C$2:$C$100>=BF15),1),""),16), IFERROR(_xlfn.AGGREGATE(15,6,DISJUNTORES!$C$2:$C$100/(DISJUNTORES!$C$2:$C$100>=BF15),1),""))))) | BM15: =IF(IF(BJ15="","",AR15/COUNTA(BJ15:BL15))=0,"",IF(BJ15="","",AR15/COUNTA(BJ15:BL15))) | BN15: =IF(IF(BK15="","",AR15/COUNTA(BJ15:BL15))=0,"",IF(BK15="","",AR15/COUNTA(BJ15:BL15))) | BO15: =IF(IF(BL15="","",AR15/COUNTA(BJ15:BL15))=0,"",IF(BL15="","",AR15/COUNTA(BJ15:BL15))) | BP15: {=IFERROR( INDEX( IF(AV15="PVC", 'CAP CONDUÇÃO 70º'!$A:$A, 'CAP CONDUÇÃO 90º'!$A:$A), IF( COUNTIF( IF(AV15="PVC", CHOOSE( MATCH(AU15, {"A1 - 2";"A1 - 3";"A2 - 2";"A2 - 3";"B1 - 2";"B1 - 3";"B2 - 2";"B2 - 3";"C - 2";"C - 3";"D - 2";"D - 3";"E - 2";"E - 3";"F - 2";"F - 3TRI";"F - 3JUST";"G - 3HOR";"G - 3VER"}, 0), 'CAP CONDUÇÃO 70º'!$B:$B, 'CAP CONDUÇÃO 70º'!$C:$C, 'CAP CONDUÇÃO 70º'!$D:$D, 'CAP CONDUÇÃO 70º'!$E:$E, 'CAP CONDUÇÃO 70º'!$F:$F, 'CAP CONDUÇÃO 70º'!$G:$G, 'CAP CONDUÇÃO 70º'!$H:$H, 'CAP CONDUÇÃO 70º'!$I:$I, 'CAP CONDUÇÃO 70º'!$J:$J, 'CAP CONDUÇÃO 70º'!$K:$K, 'CAP CONDUÇÃO 70º'!$L:$L, 'CAP CONDUÇÃO 70º'!$M:$M, 'CAP CONDUÇÃO 70º'!$N:$N, 'CAP CONDUÇÃO 70º'!$O:$O, 'CAP CONDUÇÃO 70º'!$P:$P, 'CAP CONDUÇÃO 70º'!$Q:$Q, 'CAP CONDUÇÃO 70º'!$R:$R, 'CAP CONDUÇÃO 70º'!$S:$S, 'CAP CONDUÇÃO 70º'!$T:$T ), CHOOSE( MATCH(AU15, {"A1 - 2";"A1 - 3";"A2 - 2";"A2 - 3";"B1 - 2";"B1 - 3";"B2 - 2";"B2 - 3";"C - 2";"C - 3";"D - 2";"D - 3";"E - 2";"E - 3";"F - 2";"F - 3TRI";"F - 3JUST";"G - 3HOR";"G - 3VER"}, 0), 'CAP CONDUÇÃO 90º'!$B:$B, 'CAP CONDUÇÃO 90º'!$C:$C, 'CAP CONDUÇÃO 90º'!$D:$D, 'CAP CONDUÇÃO 90º'!$E:$E, 'CAP CONDUÇÃO 90º'!$F:$F, 'CAP CONDUÇÃO 90º'!$G:$G, 'CAP CONDUÇÃO 90º'!$H:$H, 'CAP CONDUÇÃO 90º'!$I:$I, 'CAP CONDUÇÃO 90º'!$J:$J, 'CAP CONDUÇÃO 90º'!$K:$K, 'CAP CONDUÇÃO 90º'!$L:$L, 'CAP CONDUÇÃO 90º'!$M:$M, 'CAP CONDUÇÃO 90º'!$N:$N, 'CAP CONDUÇÃO 90º'!$O:$O, 'CAP CONDUÇÃO 90º'!$P:$P, 'CAP CONDUÇÃO 90º'!$Q:$Q, 'CAP CONDUÇÃO 90º'!$R:$R, 'CAP CONDUÇÃO 90º'!$S:$S, 'CAP CONDUÇÃO 90º'!$T:$T ) ), BI15 ) > 0, MATCH(BI15, IF(AV15="PVC", CHOOSE( MATCH(AU15, {"A1 - 2";"A1 - 3";"A2 - 2";"A2 - 3";"B1 - 2";"B1 - 3";"B2 - 2";"B2 - 3";"C - 2";"C - 3";"D - 2";"D - 3";"E - 2";"E - 3";"F - 2";"F - 3TRI";"F - 3JUST";"G - 3HOR";"G - 3VER"}, 0), 'CAP CONDUÇÃO 70º'!$B:$B, 'CAP CONDUÇÃO 70º'!$C:$C, 'CAP CONDUÇÃO 70º'!$D:$D, 'CAP CONDUÇÃO 70º'!$E:$E, 'CAP CONDUÇÃO 70º'!$F:$F, 'CAP CONDUÇÃO 70º'!$G:$G, 'CAP CONDUÇÃO 70º'!$H:$H, 'CAP CONDUÇÃO 70º'!$I:$I, 'CAP CONDUÇÃO 70º'!$J:$J, 'CAP CONDUÇÃO 70º'!$K:$K, 'CAP CONDUÇÃO 70º'!$L:$L, 'CAP CONDUÇÃO 70º'!$M:$M, 'CAP CONDUÇÃO 70º'!$N:$N, 'CAP CONDUÇÃO 70º'!$O:$O, 'CAP CONDUÇÃO 70º'!$P:$P, 'CAP CONDUÇÃO 70º'!$Q:$Q, 'CAP CONDUÇÃO 70º'!$R:$R, 'CAP CONDUÇÃO 70º'!$S:$S, 'CAP CONDUÇÃO 70º'!$T:$T ), CHOOSE( MATCH(AU15, {"A1 - 2";"A1 - 3";"A2 - 2";"A2 - 3";"B1 - 2";"B1 - 3";"B2 - 2";"B2 - 3";"C - 2";"C - 3";"D - 2";"D - 3";"E - 2";"E - 3";"F - 2";"F - 3TRI";"F - 3JUST";"G - 3HOR";"G - 3VER"}, 0), 'CAP CONDUÇÃO 90º'!$B:$B, 'CAP CONDUÇÃO 90º'!$C:$C, 'CAP CONDUÇÃO 90º'!$D:$D, 'CAP CONDUÇÃO 90º'!$E:$E, 'CAP CONDUÇÃO 90º'!$F:$F, 'CAP CONDUÇÃO 90º'!$G:$G, 'CAP CONDUÇÃO 90º'!$H:$H, 'CAP CONDUÇÃO 90º'!$I:$I, 'CAP CONDUÇÃO 90º'!$J:$J, 'CAP CONDUÇÃO 90º'!$K:$K, 'CAP CONDUÇÃO 90º'!$L:$L, 'CAP CONDUÇÃO 90º'!$M:$M, 'CAP CONDUÇÃO 90º'!$N:$N, 'CAP CONDUÇÃO 90º'!$O:$O, 'CAP CONDUÇÃO 90º'!$P:$P, 'CAP CONDUÇÃO 90º'!$Q:$Q, 'CAP CONDUÇÃO 90º'!$R:$R, 'CAP CONDUÇÃO 90º'!$S:$S, 'CAP CONDUÇÃO 90º'!$T:$T ) ), 0 ), MATCH(BI15, IF(AV15="PVC", CHOOSE( MATCH(AU15, {"A1 - 2";"A1 - 3";"A2 - 2";"A2 - 3";"B1 - 2";"B1 - 3";"B2 - 2";"B2 - 3";"C - 2";"C - 3";"D - 2";"D - 3";"E - 2";"E - 3";"F - 2";"F - 3TRI";"F - 3JUST";"G - 3HOR";"G - 3VER"}, 0), 'CAP CONDUÇÃO 70º'!$B:$B, 'CAP CONDUÇÃO 70º'!$C:$C, 'CAP CONDUÇÃO 70º'!$D:$D, 'CAP CONDUÇÃO 70º'!$E:$E, 'CAP CONDUÇÃO 70º'!$F:$F, 'CAP CONDUÇÃO 70º'!$G:$G, 'CAP CONDUÇÃO 70º'!$H:$H, 'CAP CONDUÇÃO 70º'!$I:$I, 'CAP CONDUÇÃO 70º'!$J:$J, 'CAP CONDUÇÃO 70º'!$K:$K, 'CAP CONDUÇÃO 70º'!$L:$L, 'CAP CONDUÇÃO 70º'!$M:$M, 'CAP CONDUÇÃO 70º'!$N:$N, 'CAP CONDUÇÃO 70º'!$O:$O, 'CAP CONDUÇÃO 70º'!$P:$P, 'CAP CONDUÇÃO 70º'!$Q:$Q, 'CAP CONDUÇÃO 70º'!$R:$R, 'CAP CONDUÇÃO 70º'!$S:$S, 'CAP CONDUÇÃO 70º'!$T:$T ), CHOOSE( MATCH(AU15, {"A1 - 2";"A1 - 3";"A2 - 2";"A2 - 3";"B1 - 2";"B1 - 3";"B2 - 2";"B2 - 3";"C - 2";"C - 3";"D - 2";"D - 3";"E - 2";"E - 3";"F - 2";"F - 3TRI";"F - 3JUST";"G - 3HOR";"G - 3VER"}, 0), 'CAP CONDUÇÃO 90º'!$B:$B, 'CAP CONDUÇÃO 90º'!$C:$C, 'CAP CONDUÇÃO 90º'!$D:$D, 'CAP CONDUÇÃO 90º'!$E:$E, 'CAP CONDUÇÃO 90º'!$F:$F, 'CAP CONDUÇÃO 90º'!$G:$G, 'CAP CONDUÇÃO 90º'!$H:$H, 'CAP CONDUÇÃO 90º'!$I:$I, 'CAP CONDUÇÃO 90º'!$J:$J, 'CAP CONDUÇÃO 90º'!$K:$K, 'CAP CONDUÇÃO 90º'!$L:$L, 'CAP CONDUÇÃO 90º'!$M:$M, 'CAP CONDUÇÃO 90º'!$N:$N, 'CAP CONDUÇÃO 90º'!$O:$O, 'CAP CONDUÇÃO 90º'!$P:$P, 'CAP CONDUÇÃO 90º'!$Q:$Q, 'CAP CONDUÇÃO 90º'!$R:$R, 'CAP CONDUÇÃO 90º'!$S:$S, 'CAP CONDUÇÃO 90º'!$T:$T ) ), 1 ) + 1 ) ), "Não há valor maior ou igual" )} -> Não há valor maior ou igual | BS15: =IFERROR(IF(BP15="","","3F#"&BR15&"mm²+N"&VLOOKUP($BR$5,NEUTRO!$A:$B,2,0)&"mm²+T"&VLOOKUP($BR$5,TERRA!$A:$B,2,0)&"mm²"),"")
A16: 12 | AP16: =IF(SUMPRODUCT(B16:AO16, B$4:AO$4)=0, "", SUMPRODUCT(B16:AO16, B$4:AO$4)) | AQ16: =IF(AP16="","",IF((SUM(B16:K16)+SUM(AF16:AO16))>=1,1,0.92)) | AR16: =IF(AP16="","",ROUND((AP16/AQ16),0)) | AY16: Em feixe: ao ar livre ou sobre superfície; embutidos; em conduto fechado (métodos A a F) | AZ16: 1 | BA16: =INDEX(AGRUPAMENTO!C14:N18,MATCH(AY16,AGRUPAMENTO!B14:B18,0),MATCH(AZ16,AGRUPAMENTO!C13:N13,0)) -> #N/A | BB16: NÃO SUBTERRÂNEA | BC16: 30 | BD16: =IF(BB16="SUBTERRÂNEA",IF(AV16="PVC",VLOOKUP(BC16,TEMPERATURA!G13:H27,2,0),VLOOKUP(BC16,TEMPERATURA!G13:I27,3,0)),IF(AV16="PVC",VLOOKUP(BC16,TEMPERATURA!B13:C27,2,0),VLOOKUP(BC16,TEMPERATURA!B13:D27,3,0))) -> #N/A | BE16: =IF( AP16="", "", _xlfn.IFS( $BI$111="127/220", IF( BH16=1, 127, IF( BH16=2, ROUND(127*SQRT(3),0), IF( BH16=3, ROUND(127*SQRT(3),0), "" ) ) ), $BI$111="220/380", IF( BH16=1, 220, IF( BH16=2, ROUND(220*SQRT(3),0)-1, IF( BH16=3, ROUND(220*SQRT(3),0)-1, "" ) ) ), $BI$111="254/440", IF( BH16=1, 254, IF( BH16=2, ROUND(254*SQRT(3),0), IF( BH16=3, ROUND(254*SQRT(3),0), "" ) ) ) ) ) | BF16: =IF(AP16="","",ROUND(AR16/IF(BH16=1,127,IF(BH16=2,220,IF(BH16=3,381,""))),1)) | BG16: =(BF16*AX16)/(BD16*BA16) -> #VALUE! | BH16: =IF(COUNTA(BJ16:BL16)=0,"",COUNTA(BJ16:BL16)) | BI16: =IF(AP16="","", IF(COUNTA(V16:AE16)>=1, MAX(IFERROR(_xlfn.AGGREGATE(15,6,DISJUNTORES!$C$2:$C$100/(DISJUNTORES!$C$2:$C$100>=BF16),1),""),25), IF(COUNTA(L16:U16)>=1, MAX(IFERROR(_xlfn.AGGREGATE(15,6,DISJUNTORES!$C$2:$C$100/(DISJUNTORES!$C$2:$C$100>=BF16),1),""),20), IF(COUNTA(A16:K16)>=1, MAX(IFERROR(_xlfn.AGGREGATE(15,6,DISJUNTORES!$C$2:$C$100/(DISJUNTORES!$C$2:$C$100>=BF16),1),""),16), IFERROR(_xlfn.AGGREGATE(15,6,DISJUNTORES!$C$2:$C$100/(DISJUNTORES!$C$2:$C$100>=BF16),1),""))))) | BM16: =IF(IF(BJ16="","",AR16/COUNTA(BJ16:BL16))=0,"",IF(BJ16="","",AR16/COUNTA(BJ16:BL16))) | BN16: =IF(IF(BK16="","",AR16/COUNTA(BJ16:BL16))=0,"",IF(BK16="","",AR16/COUNTA(BJ16:BL16))) | BO16: =IF(IF(BL16="","",AR16/COUNTA(BJ16:BL16))=0,"",IF(BL16="","",AR16/COUNTA(BJ16:BL16))) | BP16: {=IFERROR( INDEX( IF(AV16="PVC", 'CAP CONDUÇÃO 70º'!$A:$A, 'CAP CONDUÇÃO 90º'!$A:$A), IF( COUNTIF( IF(AV16="PVC", CHOOSE( MATCH(AU16, {"A1 - 2";"A1 - 3";"A2 - 2";"A2 - 3";"B1 - 2";"B1 - 3";"B2 - 2";"B2 - 3";"C - 2";"C - 3";"D - 2";"D - 3";"E - 2";"E - 3";"F - 2";"F - 3TRI";"F - 3JUST";"G - 3HOR";"G - 3VER"}, 0), 'CAP CONDUÇÃO 70º'!$B:$B, 'CAP CONDUÇÃO 70º'!$C:$C, 'CAP CONDUÇÃO 70º'!$D:$D, 'CAP CONDUÇÃO 70º'!$E:$E, 'CAP CONDUÇÃO 70º'!$F:$F, 'CAP CONDUÇÃO 70º'!$G:$G, 'CAP CONDUÇÃO 70º'!$H:$H, 'CAP CONDUÇÃO 70º'!$I:$I, 'CAP CONDUÇÃO 70º'!$J:$J, 'CAP CONDUÇÃO 70º'!$K:$K, 'CAP CONDUÇÃO 70º'!$L:$L, 'CAP CONDUÇÃO 70º'!$M:$M, 'CAP CONDUÇÃO 70º'!$N:$N, 'CAP CONDUÇÃO 70º'!$O:$O, 'CAP CONDUÇÃO 70º'!$P:$P, 'CAP CONDUÇÃO 70º'!$Q:$Q, 'CAP CONDUÇÃO 70º'!$R:$R, 'CAP CONDUÇÃO 70º'!$S:$S, 'CAP CONDUÇÃO 70º'!$T:$T ), CHOOSE( MATCH(AU16, {"A1 - 2";"A1 - 3";"A2 - 2";"A2 - 3";"B1 - 2";"B1 - 3";"B2 - 2";"B2 - 3";"C - 2";"C - 3";"D - 2";"D - 3";"E - 2";"E - 3";"F - 2";"F - 3TRI";"F - 3JUST";"G - 3HOR";"G - 3VER"}, 0), 'CAP CONDUÇÃO 90º'!$B:$B, 'CAP CONDUÇÃO 90º'!$C:$C, 'CAP CONDUÇÃO 90º'!$D:$D, 'CAP CONDUÇÃO 90º'!$E:$E, 'CAP CONDUÇÃO 90º'!$F:$F, 'CAP CONDUÇÃO 90º'!$G:$G, 'CAP CONDUÇÃO 90º'!$H:$H, 'CAP CONDUÇÃO 90º'!$I:$I, 'CAP CONDUÇÃO 90º'!$J:$J, 'CAP CONDUÇÃO 90º'!$K:$K, 'CAP CONDUÇÃO 90º'!$L:$L, 'CAP CONDUÇÃO 90º'!$M:$M, 'CAP CONDUÇÃO 90º'!$N:$N, 'CAP CONDUÇÃO 90º'!$O:$O, 'CAP CONDUÇÃO 90º'!$P:$P, 'CAP CONDUÇÃO 90º'!$Q:$Q, 'CAP CONDUÇÃO 90º'!$R:$R, 'CAP CONDUÇÃO 90º'!$S:$S, 'CAP CONDUÇÃO 90º'!$T:$T ) ), BI16 ) > 0, MATCH(BI16, IF(AV16="PVC", CHOOSE( MATCH(AU16, {"A1 - 2";"A1 - 3";"A2 - 2";"A2 - 3";"B1 - 2";"B1 - 3";"B2 - 2";"B2 - 3";"C - 2";"C - 3";"D - 2";"D - 3";"E - 2";"E - 3";"F - 2";"F - 3TRI";"F - 3JUST";"G - 3HOR";"G - 3VER"}, 0), 'CAP CONDUÇÃO 70º'!$B:$B, 'CAP CONDUÇÃO 70º'!$C:$C, 'CAP CONDUÇÃO 70º'!$D:$D, 'CAP CONDUÇÃO 70º'!$E:$E, 'CAP CONDUÇÃO 70º'!$F:$F, 'CAP CONDUÇÃO 70º'!$G:$G, 'CAP CONDUÇÃO 70º'!$H:$H, 'CAP CONDUÇÃO 70º'!$I:$I, 'CAP CONDUÇÃO 70º'!$J:$J, 'CAP CONDUÇÃO 70º'!$K:$K, 'CAP CONDUÇÃO 70º'!$L:$L, 'CAP CONDUÇÃO 70º'!$M:$M, 'CAP CONDUÇÃO 70º'!$N:$N, 'CAP CONDUÇÃO 70º'!$O:$O, 'CAP CONDUÇÃO 70º'!$P:$P, 'CAP CONDUÇÃO 70º'!$Q:$Q, 'CAP CONDUÇÃO 70º'!$R:$R, 'CAP CONDUÇÃO 70º'!$S:$S, 'CAP CONDUÇÃO 70º'!$T:$T ), CHOOSE( MATCH(AU16, {"A1 - 2";"A1 - 3";"A2 - 2";"A2 - 3";"B1 - 2";"B1 - 3";"B2 - 2";"B2 - 3";"C - 2";"C - 3";"D - 2";"D - 3";"E - 2";"E - 3";"F - 2";"F - 3TRI";"F - 3JUST";"G - 3HOR";"G - 3VER"}, 0), 'CAP CONDUÇÃO 90º'!$B:$B, 'CAP CONDUÇÃO 90º'!$C:$C, 'CAP CONDUÇÃO 90º'!$D:$D, 'CAP CONDUÇÃO 90º'!$E:$E, 'CAP CONDUÇÃO 90º'!$F:$F, 'CAP CONDUÇÃO 90º'!$G:$G, 'CAP CONDUÇÃO 90º'!$H:$H, 'CAP CONDUÇÃO 90º'!$I:$I, 'CAP CONDUÇÃO 90º'!$J:$J, 'CAP CONDUÇÃO 90º'!$K:$K, 'CAP CONDUÇÃO 90º'!$L:$L, 'CAP CONDUÇÃO 90º'!$M:$M, 'CAP CONDUÇÃO 90º'!$N:$N, 'CAP CONDUÇÃO 90º'!$O:$O, 'CAP CONDUÇÃO 90º'!$P:$P, 'CAP CONDUÇÃO 90º'!$Q:$Q, 'CAP CONDUÇÃO 90º'!$R:$R, 'CAP CONDUÇÃO 90º'!$S:$S, 'CAP CONDUÇÃO 90º'!$T:$T ) ), 0 ), MATCH(BI16, IF(AV16="PVC", CHOOSE( MATCH(AU16, {"A1 - 2";"A1 - 3";"A2 - 2";"A2 - 3";"B1 - 2";"B1 - 3";"B2 - 2";"B2 - 3";"C - 2";"C - 3";"D - 2";"D - 3";"E - 2";"E - 3";"F - 2";"F - 3TRI";"F - 3JUST";"G - 3HOR";"G - 3VER"}, 0), 'CAP CONDUÇÃO 70º'!$B:$B, 'CAP CONDUÇÃO 70º'!$C:$C, 'CAP CONDUÇÃO 70º'!$D:$D, 'CAP CONDUÇÃO 70º'!$E:$E, 'CAP CONDUÇÃO 70º'!$F:$F, 'CAP CONDUÇÃO 70º'!$G:$G, 'CAP CONDUÇÃO 70º'!$H:$H, 'CAP CONDUÇÃO 70º'!$I:$I, 'CAP CONDUÇÃO 70º'!$J:$J, 'CAP CONDUÇÃO 70º'!$K:$K, 'CAP CONDUÇÃO 70º'!$L:$L, 'CAP CONDUÇÃO 70º'!$M:$M, 'CAP CONDUÇÃO 70º'!$N:$N, 'CAP CONDUÇÃO 70º'!$O:$O, 'CAP CONDUÇÃO 70º'!$P:$P, 'CAP CONDUÇÃO 70º'!$Q:$Q, 'CAP CONDUÇÃO 70º'!$R:$R, 'CAP CONDUÇÃO 70º'!$S:$S, 'CAP CONDUÇÃO 70º'!$T:$T ), CHOOSE( MATCH(AU16, {"A1 - 2";"A1 - 3";"A2 - 2";"A2 - 3";"B1 - 2";"B1 - 3";"B2 - 2";"B2 - 3";"C - 2";"C - 3";"D - 2";"D - 3";"E - 2";"E - 3";"F - 2";"F - 3TRI";"F - 3JUST";"G - 3HOR";"G - 3VER"}, 0), 'CAP CONDUÇÃO 90º'!$B:$B, 'CAP CONDUÇÃO 90º'!$C:$C, 'CAP CONDUÇÃO 90º'!$D:$D, 'CAP CONDUÇÃO 90º'!$E:$E, 'CAP CONDUÇÃO 90º'!$F:$F, 'CAP CONDUÇÃO 90º'!$G:$G, 'CAP CONDUÇÃO 90º'!$H:$H, 'CAP CONDUÇÃO 90º'!$I:$I, 'CAP CONDUÇÃO 90º'!$J:$J, 'CAP CONDUÇÃO 90º'!$K:$K, 'CAP CONDUÇÃO 90º'!$L:$L, 'CAP CONDUÇÃO 90º'!$M:$M, 'CAP CONDUÇÃO 90º'!$N:$N, 'CAP CONDUÇÃO 90º'!$O:$O, 'CAP CONDUÇÃO 90º'!$P:$P, 'CAP CONDUÇÃO 90º'!$Q:$Q, 'CAP CONDUÇÃO 90º'!$R:$R, 'CAP CONDUÇÃO 90º'!$S:$S, 'CAP CONDUÇÃO 90º'!$T:$T ) ), 1 ) + 1 ) ), "Não há valor maior ou igual" )} -> Não há valor maior ou igual | BS16: =IFERROR(IF(BP16="","","3F#"&BR16&"mm²+N"&VLOOKUP($BR$5,NEUTRO!$A:$B,2,0)&"mm²+T"&VLOOKUP($BR$5,TERRA!$A:$B,2,0)&"mm²"),"")
A17: 13 | AP17: =IF(SUMPRODUCT(B17:AO17, B$4:AO$4)=0, "", SUMPRODUCT(B17:AO17, B$4:AO$4)) | AQ17: =IF(AP17="","",IF((SUM(B17:K17)+SUM(AF17:AO17))>=1,1,0.92)) | AR17: =IF(AP17="","",ROUND((AP17/AQ17),0)) | AY17: Em feixe: ao ar livre ou sobre superfície; embutidos; em conduto fechado (métodos A a F) | AZ17: 1 | BA17: =INDEX(AGRUPAMENTO!C15:N19,MATCH(AY17,AGRUPAMENTO!B15:B19,0),MATCH(AZ17,AGRUPAMENTO!C14:N14,0)) -> #N/A | BB17: NÃO SUBTERRÂNEA | BC17: 30 | BD17: =IF(BB17="SUBTERRÂNEA",IF(AV17="PVC",VLOOKUP(BC17,TEMPERATURA!G14:H28,2,0),VLOOKUP(BC17,TEMPERATURA!G14:I28,3,0)),IF(AV17="PVC",VLOOKUP(BC17,TEMPERATURA!B14:C28,2,0),VLOOKUP(BC17,TEMPERATURA!B14:D28,3,0))) -> #N/A | BE17: =IF( AP17="", "", _xlfn.IFS( $BI$111="127/220", IF( BH17=1, 127, IF( BH17=2, ROUND(127*SQRT(3),0), IF( BH17=3, ROUND(127*SQRT(3),0), "" ) ) ), $BI$111="220/380", IF( BH17=1, 220, IF( BH17=2, ROUND(220*SQRT(3),0)-1, IF( BH17=3, ROUND(220*SQRT(3),0)-1, "" ) ) ), $BI$111="254/440", IF( BH17=1, 254, IF( BH17=2, ROUND(254*SQRT(3),0), IF( BH17=3, ROUND(254*SQRT(3),0), "" ) ) ) ) ) | BF17: =IF(AP17="","",ROUND(AR17/IF(BH17=1,127,IF(BH17=2,220,IF(BH17=3,381,""))),1)) | BG17: =(BF17*AX17)/(BD17*BA17) -> #VALUE! | BH17: =IF(COUNTA(BJ17:BL17)=0,"",COUNTA(BJ17:BL17)) | BI17: =IF(AP17="","", IF(COUNTA(V17:AE17)>=1, MAX(IFERROR(_xlfn.AGGREGATE(15,6,DISJUNTORES!$C$2:$C$100/(DISJUNTORES!$C$2:$C$100>=BF17),1),""),25), IF(COUNTA(L17:U17)>=1, MAX(IFERROR(_xlfn.AGGREGATE(15,6,DISJUNTORES!$C$2:$C$100/(DISJUNTORES!$C$2:$C$100>=BF17),1),""),20), IF(COUNTA(A17:K17)>=1, MAX(IFERROR(_xlfn.AGGREGATE(15,6,DISJUNTORES!$C$2:$C$100/(DISJUNTORES!$C$2:$C$100>=BF17),1),""),16), IFERROR(_xlfn.AGGREGATE(15,6,DISJUNTORES!$C$2:$C$100/(DISJUNTORES!$C$2:$C$100>=BF17),1),""))))) | BM17: =IF(IF(BJ17="","",AR17/COUNTA(BJ17:BL17))=0,"",IF(BJ17="","",AR17/COUNTA(BJ17:BL17))) | BN17: =IF(IF(BK17="","",AR17/COUNTA(BJ17:BL17))=0,"",IF(BK17="","",AR17/COUNTA(BJ17:BL17))) | BO17: =IF(IF(BL17="","",AR17/COUNTA(BJ17:BL17))=0,"",IF(BL17="","",AR17/COUNTA(BJ17:BL17))) | BP17: {=IFERROR( INDEX( IF(AV17="PVC", 'CAP CONDUÇÃO 70º'!$A:$A, 'CAP CONDUÇÃO 90º'!$A:$A), IF( COUNTIF( IF(AV17="PVC", CHOOSE( MATCH(AU17, {"A1 - 2";"A1 - 3";"A2 - 2";"A2 - 3";"B1 - 2";"B1 - 3";"B2 - 2";"B2 - 3";"C - 2";"C - 3";"D - 2";"D - 3";"E - 2";"E - 3";"F - 2";"F - 3TRI";"F - 3JUST";"G - 3HOR";"G - 3VER"}, 0), 'CAP CONDUÇÃO 70º'!$B:$B, 'CAP CONDUÇÃO 70º'!$C:$C, 'CAP CONDUÇÃO 70º'!$D:$D, 'CAP CONDUÇÃO 70º'!$E:$E, 'CAP CONDUÇÃO 70º'!$F:$F, 'CAP CONDUÇÃO 70º'!$G:$G, 'CAP CONDUÇÃO 70º'!$H:$H, 'CAP CONDUÇÃO 70º'!$I:$I, 'CAP CONDUÇÃO 70º'!$J:$J, 'CAP CONDUÇÃO 70º'!$K:$K, 'CAP CONDUÇÃO 70º'!$L:$L, 'CAP CONDUÇÃO 70º'!$M:$M, 'CAP CONDUÇÃO 70º'!$N:$N, 'CAP CONDUÇÃO 70º'!$O:$O, 'CAP CONDUÇÃO 70º'!$P:$P, 'CAP CONDUÇÃO 70º'!$Q:$Q, 'CAP CONDUÇÃO 70º'!$R:$R, 'CAP CONDUÇÃO 70º'!$S:$S, 'CAP CONDUÇÃO 70º'!$T:$T ), CHOOSE( MATCH(AU17, {"A1 - 2";"A1 - 3";"A2 - 2";"A2 - 3";"B1 - 2";"B1 - 3";"B2 - 2";"B2 - 3";"C - 2";"C - 3";"D - 2";"D - 3";"E - 2";"E - 3";"F - 2";"F - 3TRI";"F - 3JUST";"G - 3HOR";"G - 3VER"}, 0), 'CAP CONDUÇÃO 90º'!$B:$B, 'CAP CONDUÇÃO 90º'!$C:$C, 'CAP CONDUÇÃO 90º'!$D:$D, 'CAP CONDUÇÃO 90º'!$E:$E, 'CAP CONDUÇÃO 90º'!$F:$F, 'CAP CONDUÇÃO 90º'!$G:$G, 'CAP CONDUÇÃO 90º'!$H:$H, 'CAP CONDUÇÃO 90º'!$I:$I, 'CAP CONDUÇÃO 90º'!$J:$J, 'CAP CONDUÇÃO 90º'!$K:$K, 'CAP CONDUÇÃO 90º'!$L:$L, 'CAP CONDUÇÃO 90º'!$M:$M, 'CAP CONDUÇÃO 90º'!$N:$N, 'CAP CONDUÇÃO 90º'!$O:$O, 'CAP CONDUÇÃO 90º'!$P:$P, 'CAP CONDUÇÃO 90º'!$Q:$Q, 'CAP CONDUÇÃO 90º'!$R:$R, 'CAP CONDUÇÃO 90º'!$S:$S, 'CAP CONDUÇÃO 90º'!$T:$T ) ), BI17 ) > 0, MATCH(BI17, IF(AV17="PVC", CHOOSE( MATCH(AU17, {"A1 - 2";"A1 - 3";"A2 - 2";"A2 - 3";"B1 - 2";"B1 - 3";"B2 - 2";"B2 - 3";"C - 2";"C - 3";"D - 2";"D - 3";"E - 2";"E - 3";"F - 2";"F - 3TRI";"F - 3JUST";"G - 3HOR";"G - 3VER"}, 0), 'CAP CONDUÇÃO 70º'!$B:$B, 'CAP CONDUÇÃO 70º'!$C:$C, 'CAP CONDUÇÃO 70º'!$D:$D, 'CAP CONDUÇÃO 70º'!$E:$E, 'CAP CONDUÇÃO 70º'!$F:$F, 'CAP CONDUÇÃO 70º'!$G:$G, 'CAP CONDUÇÃO 70º'!$H:$H, 'CAP CONDUÇÃO 70º'!$I:$I, 'CAP CONDUÇÃO 70º'!$J:$J, 'CAP CONDUÇÃO 70º'!$K:$K, 'CAP CONDUÇÃO 70º'!$L:$L, 'CAP CONDUÇÃO 70º'!$M:$M, 'CAP CONDUÇÃO 70º'!$N:$N, 'CAP CONDUÇÃO 70º'!$O:$O, 'CAP CONDUÇÃO 70º'!$P:$P, 'CAP CONDUÇÃO 70º'!$Q:$Q, 'CAP CONDUÇÃO 70º'!$R:$R, 'CAP CONDUÇÃO 70º'!$S:$S, 'CAP CONDUÇÃO 70º'!$T:$T ), CHOOSE( MATCH(AU17, {"A1 - 2";"A1 - 3";"A2 - 2";"A2 - 3";"B1 - 2";"B1 - 3";"B2 - 2";"B2 - 3";"C - 2";"C - 3";"D - 2";"D - 3";"E - 2";"E - 3";"F - 2";"F - 3TRI";"F - 3JUST";"G - 3HOR";"G - 3VER"}, 0), 'CAP CONDUÇÃO 90º'!$B:$B, 'CAP CONDUÇÃO 90º'!$C:$C, 'CAP CONDUÇÃO 90º'!$D:$D, 'CAP CONDUÇÃO 90º'!$E:$E, 'CAP CONDUÇÃO 90º'!$F:$F, 'CAP CONDUÇÃO 90º'!$G:$G, 'CAP CONDUÇÃO 90º'!$H:$H, 'CAP CONDUÇÃO 90º'!$I:$I, 'CAP CONDUÇÃO 90º'!$J:$J, 'CAP CONDUÇÃO 90º'!$K:$K, 'CAP CONDUÇÃO 90º'!$L:$L, 'CAP CONDUÇÃO 90º'!$M:$M, 'CAP CONDUÇÃO 90º'!$N:$N, 'CAP CONDUÇÃO 90º'!$O:$O, 'CAP CONDUÇÃO 90º'!$P:$P, 'CAP CONDUÇÃO 90º'!$Q:$Q, 'CAP CONDUÇÃO 90º'!$R:$R, 'CAP CONDUÇÃO 90º'!$S:$S, 'CAP CONDUÇÃO 90º'!$T:$T ) ), 0 ), MATCH(BI17, IF(AV17="PVC", CHOOSE( MATCH(AU17, {"A1 - 2";"A1 - 3";"A2 - 2";"A2 - 3";"B1 - 2";"B1 - 3";"B2 - 2";"B2 - 3";"C - 2";"C - 3";"D - 2";"D - 3";"E - 2";"E - 3";"F - 2";"F - 3TRI";"F - 3JUST";"G - 3HOR";"G - 3VER"}, 0), 'CAP CONDUÇÃO 70º'!$B:$B, 'CAP CONDUÇÃO 70º'!$C:$C, 'CAP CONDUÇÃO 70º'!$D:$D, 'CAP CONDUÇÃO 70º'!$E:$E, 'CAP CONDUÇÃO 70º'!$F:$F, 'CAP CONDUÇÃO 70º'!$G:$G, 'CAP CONDUÇÃO 70º'!$H:$H, 'CAP CONDUÇÃO 70º'!$I:$I, 'CAP CONDUÇÃO 70º'!$J:$J, 'CAP CONDUÇÃO 70º'!$K:$K, 'CAP CONDUÇÃO 70º'!$L:$L, 'CAP CONDUÇÃO 70º'!$M:$M, 'CAP CONDUÇÃO 70º'!$N:$N, 'CAP CONDUÇÃO 70º'!$O:$O, 'CAP CONDUÇÃO 70º'!$P:$P, 'CAP CONDUÇÃO 70º'!$Q:$Q, 'CAP CONDUÇÃO 70º'!$R:$R, 'CAP CONDUÇÃO 70º'!$S:$S, 'CAP CONDUÇÃO 70º'!$T:$T ), CHOOSE( MATCH(AU17, {"A1 - 2";"A1 - 3";"A2 - 2";"A2 - 3";"B1 - 2";"B1 - 3";"B2 - 2";"B2 - 3";"C - 2";"C - 3";"D - 2";"D - 3";"E - 2";"E - 3";"F - 2";"F - 3TRI";"F - 3JUST";"G - 3HOR";"G - 3VER"}, 0), 'CAP CONDUÇÃO 90º'!$B:$B, 'CAP CONDUÇÃO 90º'!$C:$C, 'CAP CONDUÇÃO 90º'!$D:$D, 'CAP CONDUÇÃO 90º'!$E:$E, 'CAP CONDUÇÃO 90º'!$F:$F, 'CAP CONDUÇÃO 90º'!$G:$G, 'CAP CONDUÇÃO 90º'!$H:$H, 'CAP CONDUÇÃO 90º'!$I:$I, 'CAP CONDUÇÃO 90º'!$J:$J, 'CAP CONDUÇÃO 90º'!$K:$K, 'CAP CONDUÇÃO 90º'!$L:$L, 'CAP CONDUÇÃO 90º'!$M:$M, 'CAP CONDUÇÃO 90º'!$N:$N, 'CAP CONDUÇÃO 90º'!$O:$O, 'CAP CONDUÇÃO 90º'!$P:$P, 'CAP CONDUÇÃO 90º'!$Q:$Q, 'CAP CONDUÇÃO 90º'!$R:$R, 'CAP CONDUÇÃO 90º'!$S:$S, 'CAP CONDUÇÃO 90º'!$T:$T ) ), 1 ) + 1 ) ), "Não há valor maior ou igual" )} -> Não há valor maior ou igual | BS17: =IFERROR(IF(BP17="","","3F#"&BR17&"mm²+N"&VLOOKUP($BR$5,NEUTRO!$A:$B,2,0)&"mm²+T"&VLOOKUP($BR$5,TERRA!$A:$B,2,0)&"mm²"),"")
A18: 14 | AP18: =IF(SUMPRODUCT(B18:AO18, B$4:AO$4)=0, "", SUMPRODUCT(B18:AO18, B$4:AO$4)) | AQ18: =IF(AP18="","",IF((SUM(B18:K18)+SUM(AF18:AO18))>=1,1,0.92)) | AR18: =IF(AP18="","",ROUND((AP18/AQ18),0)) | AY18: Em feixe: ao ar livre ou sobre superfície; embutidos; em conduto fechado (métodos A a F) | AZ18: 1 | BA18: =INDEX(AGRUPAMENTO!C16:N20,MATCH(AY18,AGRUPAMENTO!B16:B20,0),MATCH(AZ18,AGRUPAMENTO!C15:N15,0)) -> #N/A | BB18: NÃO SUBTERRÂNEA | BC18: 30 | BD18: =IF(BB18="SUBTERRÂNEA",IF(AV18="PVC",VLOOKUP(BC18,TEMPERATURA!G15:H29,2,0),VLOOKUP(BC18,TEMPERATURA!G15:I29,3,0)),IF(AV18="PVC",VLOOKUP(BC18,TEMPERATURA!B15:C29,2,0),VLOOKUP(BC18,TEMPERATURA!B15:D29,3,0))) -> #N/A | BE18: =IF( AP18="", "", _xlfn.IFS( $BI$111="127/220", IF( BH18=1, 127, IF( BH18=2, ROUND(127*SQRT(3),0), IF( BH18=3, ROUND(127*SQRT(3),0), "" ) ) ), $BI$111="220/380", IF( BH18=1, 220, IF( BH18=2, ROUND(220*SQRT(3),0)-1, IF( BH18=3, ROUND(220*SQRT(3),0)-1, "" ) ) ), $BI$111="254/440", IF( BH18=1, 254, IF( BH18=2, ROUND(254*SQRT(3),0), IF( BH18=3, ROUND(254*SQRT(3),0), "" ) ) ) ) ) | BF18: =IF(AP18="","",ROUND(AR18/IF(BH18=1,127,IF(BH18=2,220,IF(BH18=3,381,""))),1)) | BG18: =(BF18*AX18)/(BD18*BA18) -> #VALUE! | BH18: =IF(COUNTA(BJ18:BL18)=0,"",COUNTA(BJ18:BL18)) | BI18: =IF(AP18="","", IF(COUNTA(V18:AE18)>=1, MAX(IFERROR(_xlfn.AGGREGATE(15,6,DISJUNTORES!$C$2:$C$100/(DISJUNTORES!$C$2:$C$100>=BF18),1),""),25), IF(COUNTA(L18:U18)>=1, MAX(IFERROR(_xlfn.AGGREGATE(15,6,DISJUNTORES!$C$2:$C$100/(DISJUNTORES!$C$2:$C$100>=BF18),1),""),20), IF(COUNTA(A18:K18)>=1, MAX(IFERROR(_xlfn.AGGREGATE(15,6,DISJUNTORES!$C$2:$C$100/(DISJUNTORES!$C$2:$C$100>=BF18),1),""),16), IFERROR(_xlfn.AGGREGATE(15,6,DISJUNTORES!$C$2:$C$100/(DISJUNTORES!$C$2:$C$100>=BF18),1),""))))) | BM18: =IF(IF(BJ18="","",AR18/COUNTA(BJ18:BL18))=0,"",IF(BJ18="","",AR18/COUNTA(BJ18:BL18))) | BN18: =IF(IF(BK18="","",AR18/COUNTA(BJ18:BL18))=0,"",IF(BK18="","",AR18/COUNTA(BJ18:BL18))) | BO18: =IF(IF(BL18="","",AR18/COUNTA(BJ18:BL18))=0,"",IF(BL18="","",AR18/COUNTA(BJ18:BL18))) | BP18: {=IFERROR( INDEX( IF(AV18="PVC", 'CAP CONDUÇÃO 70º'!$A:$A, 'CAP CONDUÇÃO 90º'!$A:$A), IF( COUNTIF( IF(AV18="PVC", CHOOSE( MATCH(AU18, {"A1 - 2";"A1 - 3";"A2 - 2";"A2 - 3";"B1 - 2";"B1 - 3";"B2 - 2";"B2 - 3";"C - 2";"C - 3";"D - 2";"D - 3";"E - 2";"E - 3";"F - 2";"F - 3TRI";"F - 3JUST";"G - 3HOR";"G - 3VER"}, 0), 'CAP CONDUÇÃO 70º'!$B:$B, 'CAP CONDUÇÃO 70º'!$C:$C, 'CAP CONDUÇÃO 70º'!$D:$D, 'CAP CONDUÇÃO 70º'!$E:$E, 'CAP CONDUÇÃO 70º'!$F:$F, 'CAP CONDUÇÃO 70º'!$G:$G, 'CAP CONDUÇÃO 70º'!$H:$H, 'CAP CONDUÇÃO 70º'!$I:$I, 'CAP CONDUÇÃO 70º'!$J:$J, 'CAP CONDUÇÃO 70º'!$K:$K, 'CAP CONDUÇÃO 70º'!$L:$L, 'CAP CONDUÇÃO 70º'!$M:$M, 'CAP CONDUÇÃO 70º'!$N:$N, 'CAP CONDUÇÃO 70º'!$O:$O, 'CAP CONDUÇÃO 70º'!$P:$P, 'CAP CONDUÇÃO 70º'!$Q:$Q, 'CAP CONDUÇÃO 70º'!$R:$R, 'CAP CONDUÇÃO 70º'!$S:$S, 'CAP CONDUÇÃO 70º'!$T:$T ), CHOOSE( MATCH(AU18, {"A1 - 2";"A1 - 3";"A2 - 2";"A2 - 3";"B1 - 2";"B1 - 3";"B2 - 2";"B2 - 3";"C - 2";"C - 3";"D - 2";"D - 3";"E - 2";"E - 3";"F - 2";"F - 3TRI";"F - 3JUST";"G - 3HOR";"G - 3VER"}, 0), 'CAP CONDUÇÃO 90º'!$B:$B, 'CAP CONDUÇÃO 90º'!$C:$C, 'CAP CONDUÇÃO 90º'!$D:$D, 'CAP CONDUÇÃO 90º'!$E:$E, 'CAP CONDUÇÃO 90º'!$F:$F, 'CAP CONDUÇÃO 90º'!$G:$G, 'CAP CONDUÇÃO 90º'!$H:$H, 'CAP CONDUÇÃO 90º'!$I:$I, 'CAP CONDUÇÃO 90º'!$J:$J, 'CAP CONDUÇÃO 90º'!$K:$K, 'CAP CONDUÇÃO 90º'!$L:$L, 'CAP CONDUÇÃO 90º'!$M:$M, 'CAP CONDUÇÃO 90º'!$N:$N, 'CAP CONDUÇÃO 90º'!$O:$O, 'CAP CONDUÇÃO 90º'!$P:$P, 'CAP CONDUÇÃO 90º'!$Q:$Q, 'CAP CONDUÇÃO 90º'!$R:$R, 'CAP CONDUÇÃO 90º'!$S:$S, 'CAP CONDUÇÃO 90º'!$T:$T ) ), BI18 ) > 0, MATCH(BI18, IF(AV18="PVC", CHOOSE( MATCH(AU18, {"A1 - 2";"A1 - 3";"A2 - 2";"A2 - 3";"B1 - 2";"B1 - 3";"B2 - 2";"B2 - 3";"C - 2";"C - 3";"D - 2";"D - 3";"E - 2";"E - 3";"F - 2";"F - 3TRI";"F - 3JUST";"G - 3HOR";"G - 3VER"}, 0), 'CAP CONDUÇÃO 70º'!$B:$B, 'CAP CONDUÇÃO 70º'!$C:$C, 'CAP CONDUÇÃO 70º'!$D:$D, 'CAP CONDUÇÃO 70º'!$E:$E, 'CAP CONDUÇÃO 70º'!$F:$F, 'CAP CONDUÇÃO 70º'!$G:$G, 'CAP CONDUÇÃO 70º'!$H:$H, 'CAP CONDUÇÃO 70º'!$I:$I, 'CAP CONDUÇÃO 70º'!$J:$J, 'CAP CONDUÇÃO 70º'!$K:$K, 'CAP CONDUÇÃO 70º'!$L:$L, 'CAP CONDUÇÃO 70º'!$M:$M, 'CAP CONDUÇÃO 70º'!$N:$N, 'CAP CONDUÇÃO 70º'!$O:$O, 'CAP CONDUÇÃO 70º'!$P:$P, 'CAP CONDUÇÃO 70º'!$Q:$Q, 'CAP CONDUÇÃO 70º'!$R:$R, 'CAP CONDUÇÃO 70º'!$S:$S, 'CAP CONDUÇÃO 70º'!$T:$T ), CHOOSE( MATCH(AU18, {"A1 - 2";"A1 - 3";"A2 - 2";"A2 - 3";"B1 - 2";"B1 - 3";"B2 - 2";"B2 - 3";"C - 2";"C - 3";"D - 2";"D - 3";"E - 2";"E - 3";"F - 2";"F - 3TRI";"F - 3JUST";"G - 3HOR";"G - 3VER"}, 0), 'CAP CONDUÇÃO 90º'!$B:$B, 'CAP CONDUÇÃO 90º'!$C:$C, 'CAP CONDUÇÃO 90º'!$D:$D, 'CAP CONDUÇÃO 90º'!$E:$E, 'CAP CONDUÇÃO 90º'!$F:$F, 'CAP CONDUÇÃO 90º'!$G:$G, 'CAP CONDUÇÃO 90º'!$H:$H, 'CAP CONDUÇÃO 90º'!$I:$I, 'CAP CONDUÇÃO 90º'!$J:$J, 'CAP CONDUÇÃO 90º'!$K:$K, 'CAP CONDUÇÃO 90º'!$L:$L, 'CAP CONDUÇÃO 90º'!$M:$M, 'CAP CONDUÇÃO 90º'!$N:$N, 'CAP CONDUÇÃO 90º'!$O:$O, 'CAP CONDUÇÃO 90º'!$P:$P, 'CAP CONDUÇÃO 90º'!$Q:$Q, 'CAP CONDUÇÃO 90º'!$R:$R, 'CAP CONDUÇÃO 90º'!$S:$S, 'CAP CONDUÇÃO 90º'!$T:$T ) ), 0 ), MATCH(BI18, IF(AV18="PVC", CHOOSE( MATCH(AU18, {"A1 - 2";"A1 - 3";"A2 - 2";"A2 - 3";"B1 - 2";"B1 - 3";"B2 - 2";"B2 - 3";"C - 2";"C - 3";"D - 2";"D - 3";"E - 2";"E - 3";"F - 2";"F - 3TRI";"F - 3JUST";"G - 3HOR";"G - 3VER"}, 0), 'CAP CONDUÇÃO 70º'!$B:$B, 'CAP CONDUÇÃO 70º'!$C:$C, 'CAP CONDUÇÃO 70º'!$D:$D, 'CAP CONDUÇÃO 70º'!$E:$E, 'CAP CONDUÇÃO 70º'!$F:$F, 'CAP CONDUÇÃO 70º'!$G:$G, 'CAP CONDUÇÃO 70º'!$H:$H, 'CAP CONDUÇÃO 70º'!$I:$I, 'CAP CONDUÇÃO 70º'!$J:$J, 'CAP CONDUÇÃO 70º'!$K:$K, 'CAP CONDUÇÃO 70º'!$L:$L, 'CAP CONDUÇÃO 70º'!$M:$M, 'CAP CONDUÇÃO 70º'!$N:$N, 'CAP CONDUÇÃO 70º'!$O:$O, 'CAP CONDUÇÃO 70º'!$P:$P, 'CAP CONDUÇÃO 70º'!$Q:$Q, 'CAP CONDUÇÃO 70º'!$R:$R, 'CAP CONDUÇÃO 70º'!$S:$S, 'CAP CONDUÇÃO 70º'!$T:$T ), CHOOSE( MATCH(AU18, {"A1 - 2";"A1 - 3";"A2 - 2";"A2 - 3";"B1 - 2";"B1 - 3";"B2 - 2";"B2 - 3";"C - 2";"C - 3";"D - 2";"D - 3";"E - 2";"E - 3";"F - 2";"F - 3TRI";"F - 3JUST";"G - 3HOR";"G - 3VER"}, 0), 'CAP CONDUÇÃO 90º'!$B:$B, 'CAP CONDUÇÃO 90º'!$C:$C, 'CAP CONDUÇÃO 90º'!$D:$D, 'CAP CONDUÇÃO 90º'!$E:$E, 'CAP CONDUÇÃO 90º'!$F:$F, 'CAP CONDUÇÃO 90º'!$G:$G, 'CAP CONDUÇÃO 90º'!$H:$H, 'CAP CONDUÇÃO 90º'!$I:$I, 'CAP CONDUÇÃO 90º'!$J:$J, 'CAP CONDUÇÃO 90º'!$K:$K, 'CAP CONDUÇÃO 90º'!$L:$L, 'CAP CONDUÇÃO 90º'!$M:$M, 'CAP CONDUÇÃO 90º'!$N:$N, 'CAP CONDUÇÃO 90º'!$O:$O, 'CAP CONDUÇÃO 90º'!$P:$P, 'CAP CONDUÇÃO 90º'!$Q:$Q, 'CAP CONDUÇÃO 90º'!$R:$R, 'CAP CONDUÇÃO 90º'!$S:$S, 'CAP CONDUÇÃO 90º'!$T:$T ) ), 1 ) + 1 ) ), "Não há valor maior ou igual" )} -> Não há valor maior ou igual | BS18: =IFERROR(IF(BP18="","","3F#"&BR18&"mm²+N"&VLOOKUP($BR$5,NEUTRO!$A:$B,2,0)&"mm²+T"&VLOOKUP($BR$5,TERRA!$A:$B,2,0)&"mm²"),"")
A19: 15 | AP19: =IF(SUMPRODUCT(B19:AO19, B$4:AO$4)=0, "", SUMPRODUCT(B19:AO19, B$4:AO$4)) | AQ19: =IF(AP19="","",IF((SUM(B19:K19)+SUM(AF19:AO19))>=1,1,0.92)) | AR19: =IF(AP19="","",ROUND((AP19/AQ19),0)) | AY19: Em feixe: ao ar livre ou sobre superfície; embutidos; em conduto fechado (métodos A a F) | AZ19: 1 | BA19: =INDEX(AGRUPAMENTO!C17:N21,MATCH(AY19,AGRUPAMENTO!B17:B21,0),MATCH(AZ19,AGRUPAMENTO!C16:N16,0)) -> #N/A | BB19: NÃO SUBTERRÂNEA | BC19: 30 | BD19: =IF(BB19="SUBTERRÂNEA",IF(AV19="PVC",VLOOKUP(BC19,TEMPERATURA!G16:H30,2,0),VLOOKUP(BC19,TEMPERATURA!G16:I30,3,0)),IF(AV19="PVC",VLOOKUP(BC19,TEMPERATURA!B16:C30,2,0),VLOOKUP(BC19,TEMPERATURA!B16:D30,3,0))) -> #N/A | BE19: =IF( AP19="", "", _xlfn.IFS( $BI$111="127/220", IF( BH19=1, 127, IF( BH19=2, ROUND(127*SQRT(3),0), IF( BH19=3, ROUND(127*SQRT(3),0), "" ) ) ), $BI$111="220/380", IF( BH19=1, 220, IF( BH19=2, ROUND(220*SQRT(3),0)-1, IF( BH19=3, ROUND(220*SQRT(3),0)-1, "" ) ) ), $BI$111="254/440", IF( BH19=1, 254, IF( BH19=2, ROUND(254*SQRT(3),0), IF( BH19=3, ROUND(254*SQRT(3),0), "" ) ) ) ) ) | BF19: =IF(AP19="","",ROUND(AR19/IF(BH19=1,127,IF(BH19=2,220,IF(BH19=3,381,""))),1)) | BG19: =(BF19*AX19)/(BD19*BA19) -> #VALUE! | BH19: =IF(COUNTA(BJ19:BL19)=0,"",COUNTA(BJ19:BL19)) | BI19: =IF(AP19="","", IF(COUNTA(V19:AE19)>=1, MAX(IFERROR(_xlfn.AGGREGATE(15,6,DISJUNTORES!$C$2:$C$100/(DISJUNTORES!$C$2:$C$100>=BF19),1),""),25), IF(COUNTA(L19:U19)>=1, MAX(IFERROR(_xlfn.AGGREGATE(15,6,DISJUNTORES!$C$2:$C$100/(DISJUNTORES!$C$2:$C$100>=BF19),1),""),20), IF(COUNTA(A19:K19)>=1, MAX(IFERROR(_xlfn.AGGREGATE(15,6,DISJUNTORES!$C$2:$C$100/(DISJUNTORES!$C$2:$C$100>=BF19),1),""),16), IFERROR(_xlfn.AGGREGATE(15,6,DISJUNTORES!$C$2:$C$100/(DISJUNTORES!$C$2:$C$100>=BF19),1),""))))) | BM19: =IF(IF(BJ19="","",AR19/COUNTA(BJ19:BL19))=0,"",IF(BJ19="","",AR19/COUNTA(BJ19:BL19))) | BN19: =IF(IF(BK19="","",AR19/COUNTA(BJ19:BL19))=0,"",IF(BK19="","",AR19/COUNTA(BJ19:BL19))) | BO19: =IF(IF(BL19="","",AR19/COUNTA(BJ19:BL19))=0,"",IF(BL19="","",AR19/COUNTA(BJ19:BL19))) | BP19: {=IFERROR( INDEX( IF(AV19="PVC", 'CAP CONDUÇÃO 70º'!$A:$A, 'CAP CONDUÇÃO 90º'!$A:$A), IF( COUNTIF( IF(AV19="PVC", CHOOSE( MATCH(AU19, {"A1 - 2";"A1 - 3";"A2 - 2";"A2 - 3";"B1 - 2";"B1 - 3";"B2 - 2";"B2 - 3";"C - 2";"C - 3";"D - 2";"D - 3";"E - 2";"E - 3";"F - 2";"F - 3TRI";"F - 3JUST";"G - 3HOR";"G - 3VER"}, 0), 'CAP CONDUÇÃO 70º'!$B:$B, 'CAP CONDUÇÃO 70º'!$C:$C, 'CAP CONDUÇÃO 70º'!$D:$D, 'CAP CONDUÇÃO 70º'!$E:$E, 'CAP CONDUÇÃO 70º'!$F:$F, 'CAP CONDUÇÃO 70º'!$G:$G, 'CAP CONDUÇÃO 70º'!$H:$H, 'CAP CONDUÇÃO 70º'!$I:$I, 'CAP CONDUÇÃO 70º'!$J:$J, 'CAP CONDUÇÃO 70º'!$K:$K, 'CAP CONDUÇÃO 70º'!$L:$L, 'CAP CONDUÇÃO 70º'!$M:$M, 'CAP CONDUÇÃO 70º'!$N:$N, 'CAP CONDUÇÃO 70º'!$O:$O, 'CAP CONDUÇÃO 70º'!$P:$P, 'CAP CONDUÇÃO 70º'!$Q:$Q, 'CAP CONDUÇÃO 70º'!$R:$R, 'CAP CONDUÇÃO 70º'!$S:$S, 'CAP CONDUÇÃO 70º'!$T:$T ), CHOOSE( MATCH(AU19, {"A1 - 2";"A1 - 3";"A2 - 2";"A2 - 3";"B1 - 2";"B1 - 3";"B2 - 2";"B2 - 3";"C - 2";"C - 3";"D - 2";"D - 3";"E - 2";"E - 3";"F - 2";"F - 3TRI";"F - 3JUST";"G - 3HOR";"G - 3VER"}, 0), 'CAP CONDUÇÃO 90º'!$B:$B, 'CAP CONDUÇÃO 90º'!$C:$C, 'CAP CONDUÇÃO 90º'!$D:$D, 'CAP CONDUÇÃO 90º'!$E:$E, 'CAP CONDUÇÃO 90º'!$F:$F, 'CAP CONDUÇÃO 90º'!$G:$G, 'CAP CONDUÇÃO 90º'!$H:$H, 'CAP CONDUÇÃO 90º'!$I:$I, 'CAP CONDUÇÃO 90º'!$J:$J, 'CAP CONDUÇÃO 90º'!$K:$K, 'CAP CONDUÇÃO 90º'!$L:$L, 'CAP CONDUÇÃO 90º'!$M:$M, 'CAP CONDUÇÃO 90º'!$N:$N, 'CAP CONDUÇÃO 90º'!$O:$O, 'CAP CONDUÇÃO 90º'!$P:$P, 'CAP CONDUÇÃO 90º'!$Q:$Q, 'CAP CONDUÇÃO 90º'!$R:$R, 'CAP CONDUÇÃO 90º'!$S:$S, 'CAP CONDUÇÃO 90º'!$T:$T ) ), BI19 ) > 0, MATCH(BI19, IF(AV19="PVC", CHOOSE( MATCH(AU19, {"A1 - 2";"A1 - 3";"A2 - 2";"A2 - 3";"B1 - 2";"B1 - 3";"B2 - 2";"B2 - 3";"C - 2";"C - 3";"D - 2";"D - 3";"E - 2";"E - 3";"F - 2";"F - 3TRI";"F - 3JUST";"G - 3HOR";"G - 3VER"}, 0), 'CAP CONDUÇÃO 70º'!$B:$B, 'CAP CONDUÇÃO 70º'!$C:$C, 'CAP CONDUÇÃO 70º'!$D:$D, 'CAP CONDUÇÃO 70º'!$E:$E, 'CAP CONDUÇÃO 70º'!$F:$F, 'CAP CONDUÇÃO 70º'!$G:$G, 'CAP CONDUÇÃO 70º'!$H:$H, 'CAP CONDUÇÃO 70º'!$I:$I, 'CAP CONDUÇÃO 70º'!$J:$J, 'CAP CONDUÇÃO 70º'!$K:$K, 'CAP CONDUÇÃO 70º'!$L:$L, 'CAP CONDUÇÃO 70º'!$M:$M, 'CAP CONDUÇÃO 70º'!$N:$N, 'CAP CONDUÇÃO 70º'!$O:$O, 'CAP CONDUÇÃO 70º'!$P:$P, 'CAP CONDUÇÃO 70º'!$Q:$Q, 'CAP CONDUÇÃO 70º'!$R:$R, 'CAP CONDUÇÃO 70º'!$S:$S, 'CAP CONDUÇÃO 70º'!$T:$T ), CHOOSE( MATCH(AU19, {"A1 - 2";"A1 - 3";"A2 - 2";"A2 - 3";"B1 - 2";"B1 - 3";"B2 - 2";"B2 - 3";"C - 2";"C - 3";"D - 2";"D - 3";"E - 2";"E - 3";"F - 2";"F - 3TRI";"F - 3JUST";"G - 3HOR";"G - 3VER"}, 0), 'CAP CONDUÇÃO 90º'!$B:$B, 'CAP CONDUÇÃO 90º'!$C:$C, 'CAP CONDUÇÃO 90º'!$D:$D, 'CAP CONDUÇÃO 90º'!$E:$E, 'CAP CONDUÇÃO 90º'!$F:$F, 'CAP CONDUÇÃO 90º'!$G:$G, 'CAP CONDUÇÃO 90º'!$H:$H, 'CAP CONDUÇÃO 90º'!$I:$I, 'CAP CONDUÇÃO 90º'!$J:$J, 'CAP CONDUÇÃO 90º'!$K:$K, 'CAP CONDUÇÃO 90º'!$L:$L, 'CAP CONDUÇÃO 90º'!$M:$M, 'CAP CONDUÇÃO 90º'!$N:$N, 'CAP CONDUÇÃO 90º'!$O:$O, 'CAP CONDUÇÃO 90º'!$P:$P, 'CAP CONDUÇÃO 90º'!$Q:$Q, 'CAP CONDUÇÃO 90º'!$R:$R, 'CAP CONDUÇÃO 90º'!$S:$S, 'CAP CONDUÇÃO 90º'!$T:$T ) ), 0 ), MATCH(BI19, IF(AV19="PVC", CHOOSE( MATCH(AU19, {"A1 - 2";"A1 - 3";"A2 - 2";"A2 - 3";"B1 - 2";"B1 - 3";"B2 - 2";"B2 - 3";"C - 2";"C - 3";"D - 2";"D - 3";"E - 2";"E - 3";"F - 2";"F - 3TRI";"F - 3JUST";"G - 3HOR";"G - 3VER"}, 0), 'CAP CONDUÇÃO 70º'!$B:$B, 'CAP CONDUÇÃO 70º'!$C:$C, 'CAP CONDUÇÃO 70º'!$D:$D, 'CAP CONDUÇÃO 70º'!$E:$E, 'CAP CONDUÇÃO 70º'!$F:$F, 'CAP CONDUÇÃO 70º'!$G:$G, 'CAP CONDUÇÃO 70º'!$H:$H, 'CAP CONDUÇÃO 70º'!$I:$I, 'CAP CONDUÇÃO 70º'!$J:$J, 'CAP CONDUÇÃO 70º'!$K:$K, 'CAP CONDUÇÃO 70º'!$L:$L, 'CAP CONDUÇÃO 70º'!$M:$M, 'CAP CONDUÇÃO 70º'!$N:$N, 'CAP CONDUÇÃO 70º'!$O:$O, 'CAP CONDUÇÃO 70º'!$P:$P, 'CAP CONDUÇÃO 70º'!$Q:$Q, 'CAP CONDUÇÃO 70º'!$R:$R, 'CAP CONDUÇÃO 70º'!$S:$S, 'CAP CONDUÇÃO 70º'!$T:$T ), CHOOSE( MATCH(AU19, {"A1 - 2";"A1 - 3";"A2 - 2";"A2 - 3";"B1 - 2";"B1 - 3";"B2 - 2";"B2 - 3";"C - 2";"C - 3";"D - 2";"D - 3";"E - 2";"E - 3";"F - 2";"F - 3TRI";"F - 3JUST";"G - 3HOR";"G - 3VER"}, 0), 'CAP CONDUÇÃO 90º'!$B:$B, 'CAP CONDUÇÃO 90º'!$C:$C, 'CAP CONDUÇÃO 90º'!$D:$D, 'CAP CONDUÇÃO 90º'!$E:$E, 'CAP CONDUÇÃO 90º'!$F:$F, 'CAP CONDUÇÃO 90º'!$G:$G, 'CAP CONDUÇÃO 90º'!$H:$H, 'CAP CONDUÇÃO 90º'!$I:$I, 'CAP CONDUÇÃO 90º'!$J:$J, 'CAP CONDUÇÃO 90º'!$K:$K, 'CAP CONDUÇÃO 90º'!$L:$L, 'CAP CONDUÇÃO 90º'!$M:$M, 'CAP CONDUÇÃO 90º'!$N:$N, 'CAP CONDUÇÃO 90º'!$O:$O, 'CAP CONDUÇÃO 90º'!$P:$P, 'CAP CONDUÇÃO 90º'!$Q:$Q, 'CAP CONDUÇÃO 90º'!$R:$R, 'CAP CONDUÇÃO 90º'!$S:$S, 'CAP CONDUÇÃO 90º'!$T:$T ) ), 1 ) + 1 ) ), "Não há valor maior ou igual" )} -> Não há valor maior ou igual | BS19: =IFERROR(IF(BP19="","","3F#"&BR19&"mm²+N"&VLOOKUP($BR$5,NEUTRO!$A:$B,2,0)&"mm²+T"&VLOOKUP($BR$5,TERRA!$A:$B,2,0)&"mm²"),"")
A20: 16 | AP20: =IF(SUMPRODUCT(B20:AO20, B$4:AO$4)=0, "", SUMPRODUCT(B20:AO20, B$4:AO$4)) | AQ20: =IF(AP20="","",IF((SUM(B20:K20)+SUM(AF20:AO20))>=1,1,0.92)) | AR20: =IF(AP20="","",ROUND((AP20/AQ20),0)) | AY20: Em feixe: ao ar livre ou sobre superfície; embutidos; em conduto fechado (métodos A a F) | AZ20: 1 | BA20: =INDEX(AGRUPAMENTO!C18:N22,MATCH(AY20,AGRUPAMENTO!B18:B22,0),MATCH(AZ20,AGRUPAMENTO!C17:N17,0)) -> #N/A | BB20: NÃO SUBTERRÂNEA | BC20: 30 | BD20: =IF(BB20="SUBTERRÂNEA",IF(AV20="PVC",VLOOKUP(BC20,TEMPERATURA!G17:H31,2,0),VLOOKUP(BC20,TEMPERATURA!G17:I31,3,0)),IF(AV20="PVC",VLOOKUP(BC20,TEMPERATURA!B17:C31,2,0),VLOOKUP(BC20,TEMPERATURA!B17:D31,3,0))) -> #N/A | BE20: =IF( AP20="", "", _xlfn.IFS( $BI$111="127/220", IF( BH20=1, 127, IF( BH20=2, ROUND(127*SQRT(3),0), IF( BH20=3, ROUND(127*SQRT(3),0), "" ) ) ), $BI$111="220/380", IF( BH20=1, 220, IF( BH20=2, ROUND(220*SQRT(3),0)-1, IF( BH20=3, ROUND(220*SQRT(3),0)-1, "" ) ) ), $BI$111="254/440", IF( BH20=1, 254, IF( BH20=2, ROUND(254*SQRT(3),0), IF( BH20=3, ROUND(254*SQRT(3),0), "" ) ) ) ) ) | BF20: =IF(AP20="","",ROUND(AR20/IF(BH20=1,127,IF(BH20=2,220,IF(BH20=3,381,""))),1)) | BG20: =(BF20*AX20)/(BD20*BA20) -> #VALUE! | BH20: =IF(COUNTA(BJ20:BL20)=0,"",COUNTA(BJ20:BL20)) | BI20: =IF(AP20="","", IF(COUNTA(V20:AE20)>=1, MAX(IFERROR(_xlfn.AGGREGATE(15,6,DISJUNTORES!$C$2:$C$100/(DISJUNTORES!$C$2:$C$100>=BF20),1),""),25), IF(COUNTA(L20:U20)>=1, MAX(IFERROR(_xlfn.AGGREGATE(15,6,DISJUNTORES!$C$2:$C$100/(DISJUNTORES!$C$2:$C$100>=BF20),1),""),20), IF(COUNTA(A20:K20)>=1, MAX(IFERROR(_xlfn.AGGREGATE(15,6,DISJUNTORES!$C$2:$C$100/(DISJUNTORES!$C$2:$C$100>=BF20),1),""),16), IFERROR(_xlfn.AGGREGATE(15,6,DISJUNTORES!$C$2:$C$100/(DISJUNTORES!$C$2:$C$100>=BF20),1),""))))) | BM20: =IF(IF(BJ20="","",AR20/COUNTA(BJ20:BL20))=0,"",IF(BJ20="","",AR20/COUNTA(BJ20:BL20))) | BN20: =IF(IF(BK20="","",AR20/COUNTA(BJ20:BL20))=0,"",IF(BK20="","",AR20/COUNTA(BJ20:BL20))) | BO20: =IF(IF(BL20="","",AR20/COUNTA(BJ20:BL20))=0,"",IF(BL20="","",AR20/COUNTA(BJ20:BL20))) | BP20: {=IFERROR( INDEX( IF(AV20="PVC", 'CAP CONDUÇÃO 70º'!$A:$A, 'CAP CONDUÇÃO 90º'!$A:$A), IF( COUNTIF( IF(AV20="PVC", CHOOSE( MATCH(AU20, {"A1 - 2";"A1 - 3";"A2 - 2";"A2 - 3";"B1 - 2";"B1 - 3";"B2 - 2";"B2 - 3";"C - 2";"C - 3";"D - 2";"D - 3";"E - 2";"E - 3";"F - 2";"F - 3TRI";"F - 3JUST";"G - 3HOR";"G - 3VER"}, 0), 'CAP CONDUÇÃO 70º'!$B:$B, 'CAP CONDUÇÃO 70º'!$C:$C, 'CAP CONDUÇÃO 70º'!$D:$D, 'CAP CONDUÇÃO 70º'!$E:$E, 'CAP CONDUÇÃO 70º'!$F:$F, 'CAP CONDUÇÃO 70º'!$G:$G, 'CAP CONDUÇÃO 70º'!$H:$H, 'CAP CONDUÇÃO 70º'!$I:$I, 'CAP CONDUÇÃO 70º'!$J:$J, 'CAP CONDUÇÃO 70º'!$K:$K, 'CAP CONDUÇÃO 70º'!$L:$L, 'CAP CONDUÇÃO 70º'!$M:$M, 'CAP CONDUÇÃO 70º'!$N:$N, 'CAP CONDUÇÃO 70º'!$O:$O, 'CAP CONDUÇÃO 70º'!$P:$P, 'CAP CONDUÇÃO 70º'!$Q:$Q, 'CAP CONDUÇÃO 70º'!$R:$R, 'CAP CONDUÇÃO 70º'!$S:$S, 'CAP CONDUÇÃO 70º'!$T:$T ), CHOOSE( MATCH(AU20, {"A1 - 2";"A1 - 3";"A2 - 2";"A2 - 3";"B1 - 2";"B1 - 3";"B2 - 2";"B2 - 3";"C - 2";"C - 3";"D - 2";"D - 3";"E - 2";"E - 3";"F - 2";"F - 3TRI";"F - 3JUST";"G - 3HOR";"G - 3VER"}, 0), 'CAP CONDUÇÃO 90º'!$B:$B, 'CAP CONDUÇÃO 90º'!$C:$C, 'CAP CONDUÇÃO 90º'!$D:$D, 'CAP CONDUÇÃO 90º'!$E:$E, 'CAP CONDUÇÃO 90º'!$F:$F, 'CAP CONDUÇÃO 90º'!$G:$G, 'CAP CONDUÇÃO 90º'!$H:$H, 'CAP CONDUÇÃO 90º'!$I:$I, 'CAP CONDUÇÃO 90º'!$J:$J, 'CAP CONDUÇÃO 90º'!$K:$K, 'CAP CONDUÇÃO 90º'!$L:$L, 'CAP CONDUÇÃO 90º'!$M:$M, 'CAP CONDUÇÃO 90º'!$N:$N, 'CAP CONDUÇÃO 90º'!$O:$O, 'CAP CONDUÇÃO 90º'!$P:$P, 'CAP CONDUÇÃO 90º'!$Q:$Q, 'CAP CONDUÇÃO 90º'!$R:$R, 'CAP CONDUÇÃO 90º'!$S:$S, 'CAP CONDUÇÃO 90º'!$T:$T ) ), BI20 ) > 0, MATCH(BI20, IF(AV20="PVC", CHOOSE( MATCH(AU20, {"A1 - 2";"A1 - 3";"A2 - 2";"A2 - 3";"B1 - 2";"B1 - 3";"B2 - 2";"B2 - 3";"C - 2";"C - 3";"D - 2";"D - 3";"E - 2";"E - 3";"F - 2";"F - 3TRI";"F - 3JUST";"G - 3HOR";"G - 3VER"}, 0), 'CAP CONDUÇÃO 70º'!$B:$B, 'CAP CONDUÇÃO 70º'!$C:$C, 'CAP CONDUÇÃO 70º'!$D:$D, 'CAP CONDUÇÃO 70º'!$E:$E, 'CAP CONDUÇÃO 70º'!$F:$F, 'CAP CONDUÇÃO 70º'!$G:$G, 'CAP CONDUÇÃO 70º'!$H:$H, 'CAP CONDUÇÃO 70º'!$I:$I, 'CAP CONDUÇÃO 70º'!$J:$J, 'CAP CONDUÇÃO 70º'!$K:$K, 'CAP CONDUÇÃO 70º'!$L:$L, 'CAP CONDUÇÃO 70º'!$M:$M, 'CAP CONDUÇÃO 70º'!$N:$N, 'CAP CONDUÇÃO 70º'!$O:$O, 'CAP CONDUÇÃO 70º'!$P:$P, 'CAP CONDUÇÃO 70º'!$Q:$Q, 'CAP CONDUÇÃO 70º'!$R:$R, 'CAP CONDUÇÃO 70º'!$S:$S, 'CAP CONDUÇÃO 70º'!$T:$T ), CHOOSE( MATCH(AU20, {"A1 - 2";"A1 - 3";"A2 - 2";"A2 - 3";"B1 - 2";"B1 - 3";"B2 - 2";"B2 - 3";"C - 2";"C - 3";"D - 2";"D - 3";"E - 2";"E - 3";"F - 2";"F - 3TRI";"F - 3JUST";"G - 3HOR";"G - 3VER"}, 0), 'CAP CONDUÇÃO 90º'!$B:$B, 'CAP CONDUÇÃO 90º'!$C:$C, 'CAP CONDUÇÃO 90º'!$D:$D, 'CAP CONDUÇÃO 90º'!$E:$E, 'CAP CONDUÇÃO 90º'!$F:$F, 'CAP CONDUÇÃO 90º'!$G:$G, 'CAP CONDUÇÃO 90º'!$H:$H, 'CAP CONDUÇÃO 90º'!$I:$I, 'CAP CONDUÇÃO 90º'!$J:$J, 'CAP CONDUÇÃO 90º'!$K:$K, 'CAP CONDUÇÃO 90º'!$L:$L, 'CAP CONDUÇÃO 90º'!$M:$M, 'CAP CONDUÇÃO 90º'!$N:$N, 'CAP CONDUÇÃO 90º'!$O:$O, 'CAP CONDUÇÃO 90º'!$P:$P, 'CAP CONDUÇÃO 90º'!$Q:$Q, 'CAP CONDUÇÃO 90º'!$R:$R, 'CAP CONDUÇÃO 90º'!$S:$S, 'CAP CONDUÇÃO 90º'!$T:$T ) ), 0 ), MATCH(BI20, IF(AV20="PVC", CHOOSE( MATCH(AU20, {"A1 - 2";"A1 - 3";"A2 - 2";"A2 - 3";"B1 - 2";"B1 - 3";"B2 - 2";"B2 - 3";"C - 2";"C - 3";"D - 2";"D - 3";"E - 2";"E - 3";"F - 2";"F - 3TRI";"F - 3JUST";"G - 3HOR";"G - 3VER"}, 0), 'CAP CONDUÇÃO 70º'!$B:$B, 'CAP CONDUÇÃO 70º'!$C:$C, 'CAP CONDUÇÃO 70º'!$D:$D, 'CAP CONDUÇÃO 70º'!$E:$E, 'CAP CONDUÇÃO 70º'!$F:$F, 'CAP CONDUÇÃO 70º'!$G:$G, 'CAP CONDUÇÃO 70º'!$H:$H, 'CAP CONDUÇÃO 70º'!$I:$I, 'CAP CONDUÇÃO 70º'!$J:$J, 'CAP CONDUÇÃO 70º'!$K:$K, 'CAP CONDUÇÃO 70º'!$L:$L, 'CAP CONDUÇÃO 70º'!$M:$M, 'CAP CONDUÇÃO 70º'!$N:$N, 'CAP CONDUÇÃO 70º'!$O:$O, 'CAP CONDUÇÃO 70º'!$P:$P, 'CAP CONDUÇÃO 70º'!$Q:$Q, 'CAP CONDUÇÃO 70º'!$R:$R, 'CAP CONDUÇÃO 70º'!$S:$S, 'CAP CONDUÇÃO 70º'!$T:$T ), CHOOSE( MATCH(AU20, {"A1 - 2";"A1 - 3";"A2 - 2";"A2 - 3";"B1 - 2";"B1 - 3";"B2 - 2";"B2 - 3";"C - 2";"C - 3";"D - 2";"D - 3";"E - 2";"E - 3";"F - 2";"F - 3TRI";"F - 3JUST";"G - 3HOR";"G - 3VER"}, 0), 'CAP CONDUÇÃO 90º'!$B:$B, 'CAP CONDUÇÃO 90º'!$C:$C, 'CAP CONDUÇÃO 90º'!$D:$D, 'CAP CONDUÇÃO 90º'!$E:$E, 'CAP CONDUÇÃO 90º'!$F:$F, 'CAP CONDUÇÃO 90º'!$G:$G, 'CAP CONDUÇÃO 90º'!$H:$H, 'CAP CONDUÇÃO 90º'!$I:$I, 'CAP CONDUÇÃO 90º'!$J:$J, 'CAP CONDUÇÃO 90º'!$K:$K, 'CAP CONDUÇÃO 90º'!$L:$L, 'CAP CONDUÇÃO 90º'!$M:$M, 'CAP CONDUÇÃO 90º'!$N:$N, 'CAP CONDUÇÃO 90º'!$O:$O, 'CAP CONDUÇÃO 90º'!$P:$P, 'CAP CONDUÇÃO 90º'!$Q:$Q, 'CAP CONDUÇÃO 90º'!$R:$R, 'CAP CONDUÇÃO 90º'!$S:$S, 'CAP CONDUÇÃO 90º'!$T:$T ) ), 1 ) + 1 ) ), "Não há valor maior ou igual" )} -> Não há valor maior ou igual | BS20: =IFERROR(IF(BP20="","","3F#"&BR20&"mm²+N"&VLOOKUP($BR$5,NEUTRO!$A:$B,2,0)&"mm²+T"&VLOOKUP($BR$5,TERRA!$A:$B,2,0)&"mm²"),"")
... A101: 97 | AP101: =IF(SUMPRODUCT(B101:AO101, B$4:AO$4)=0, "", SUMPRODUCT(B101:AO101, B$4:AO$4)) | AQ101: =IF(AP101="","",IF((SUM(B101:K101)+SUM(AF101:AO101))>=1,1,0.92)) | AR101: =IF(AP101="","",ROUND((AP101/AQ101),0)) | AY101: Em feixe: ao ar livre ou sobre superfície; embutidos; em conduto fechado (métodos A a F) | AZ101: 1 | BA101: =INDEX(AGRUPAMENTO!C99:N103,MATCH(AY101,AGRUPAMENTO!B99:B103,0),MATCH(AZ101,AGRUPAMENTO!C98:N98,0)) -> #N/A | BB101: NÃO SUBTERRÂNEA | BC101: 30 | BD101: =IF(BB101="SUBTERRÂNEA",IF(AV101="PVC",VLOOKUP(BC101,TEMPERATURA!G98:H112,2,0),VLOOKUP(BC101,TEMPERATURA!G98:I112,3,0)),IF(AV101="PVC",VLOOKUP(BC101,TEMPERATURA!B98:C112,2,0),VLOOKUP(BC101,TEMPERATURA!B98:D112,3,0))) -> #N/A | BE101: =IF( AP101="", "", _xlfn.IFS( $BI$111="127/220", IF( BH101=1, 127, IF( BH101=2, ROUND(127*SQRT(3),0), IF( BH101=3, ROUND(127*SQRT(3),0), "" ) ) ), $BI$111="220/380", IF( BH101=1, 220, IF( BH101=2, ROUND(220*SQRT(3),0)-1, IF( BH101=3, ROUND(220*SQRT(3),0)-1, "" ) ) ), $BI$111="254/440", IF( BH101=1, 254, IF( BH101=2, ROUND(254*SQRT(3),0), IF( BH101=3, ROUND(254*SQRT(3),0), "" ) ) ) ) ) | BF101: =IF(AP101="","",ROUND(AR101/IF(BH101=1,127,IF(BH101=2,220,IF(BH101=3,381,""))),1)) | BG101: =(BF101*AX101)/(BD101*BA101) -> #VALUE! | BH101: =IF(COUNTA(BJ101:BL101)=0,"",COUNTA(BJ101:BL101)) | BI101: =IF(AP101="","", IF(COUNTA(V101:AE101)>=1, MAX(IFERROR(_xlfn.AGGREGATE(15,6,DISJUNTORES!$C$2:$C$100/(DISJUNTORES!$C$2:$C$100>=BF101),1),""),25), IF(COUNTA(L101:U101)>=1, MAX(IFERROR(_xlfn.AGGREGATE(15,6,DISJUNTORES!$C$2:$C$100/(DISJUNTORES!$C$2:$C$100>=BF101),1),""),20), IF(COUNTA(A101:K101)>=1, MAX(IFERROR(_xlfn.AGGREGATE(15,6,DISJUNTORES!$C$2:$C$100/(DISJUNTORES!$C$2:$C$100>=BF101),1),""),16), IFERROR(_xlfn.AGGREGATE(15,6,DISJUNTORES!$C$2:$C$100/(DISJUNTORES!$C$2:$C$100>=BF101),1),""))))) | BM101: =IF(IF(BJ101="","",AR101/COUNTA(BJ101:BL101))=0,"",IF(BJ101="","",AR101/COUNTA(BJ101:BL101))) | BN101: =IF(IF(BK101="","",AR101/COUNTA(BJ101:BL101))=0,"",IF(BK101="","",AR101/COUNTA(BJ101:BL101))) | BO101: =IF(IF(BL101="","",AR101/COUNTA(BJ101:BL101))=0,"",IF(BL101="","",AR101/COUNTA(BJ101:BL101))) | BP101: {=IFERROR( INDEX( IF(AV101="PVC", 'CAP CONDUÇÃO 70º'!$A:$A, 'CAP CONDUÇÃO 90º'!$A:$A), IF( COUNTIF( IF(AV101="PVC", CHOOSE( MATCH(AU101, {"A1 - 2";"A1 - 3";"A2 - 2";"A2 - 3";"B1 - 2";"B1 - 3";"B2 - 2";"B2 - 3";"C - 2";"C - 3";"D - 2";"D - 3";"E - 2";"E - 3";"F - 2";"F - 3TRI";"F - 3JUST";"G - 3HOR";"G - 3VER"}, 0), 'CAP CONDUÇÃO 70º'!$B:$B, 'CAP CONDUÇÃO 70º'!$C:$C, 'CAP CONDUÇÃO 70º'!$D:$D, 'CAP CONDUÇÃO 70º'!$E:$E, 'CAP CONDUÇÃO 70º'!$F:$F, 'CAP CONDUÇÃO 70º'!$G:$G, 'CAP CONDUÇÃO 70º'!$H:$H, 'CAP CONDUÇÃO 70º'!$I:$I, 'CAP CONDUÇÃO 70º'!$J:$J, 'CAP CONDUÇÃO 70º'!$K:$K, 'CAP CONDUÇÃO 70º'!$L:$L, 'CAP CONDUÇÃO 70º'!$M:$M, 'CAP CONDUÇÃO 70º'!$N:$N, 'CAP CONDUÇÃO 70º'!$O:$O, 'CAP CONDUÇÃO 70º'!$P:$P, 'CAP CONDUÇÃO 70º'!$Q:$Q, 'CAP CONDUÇÃO 70º'!$R:$R, 'CAP CONDUÇÃO 70º'!$S:$S, 'CAP CONDUÇÃO 70º'!$T:$T ), CHOOSE( MATCH(AU101, {"A1 - 2";"A1 - 3";"A2 - 2";"A2 - 3";"B1 - 2";"B1 - 3";"B2 - 2";"B2 - 3";"C - 2";"C - 3";"D - 2";"D - 3";"E - 2";"E - 3";"F - 2";"F - 3TRI";"F - 3JUST";"G - 3HOR";"G - 3VER"}, 0), 'CAP CONDUÇÃO 90º'!$B:$B, 'CAP CONDUÇÃO 90º'!$C:$C, 'CAP CONDUÇÃO 90º'!$D:$D, 'CAP CONDUÇÃO 90º'!$E:$E, 'CAP CONDUÇÃO 90º'!$F:$F, 'CAP CONDUÇÃO 90º'!$G:$G, 'CAP CONDUÇÃO 90º'!$H:$H, 'CAP CONDUÇÃO 90º'!$I:$I, 'CAP CONDUÇÃO 90º'!$J:$J, 'CAP CONDUÇÃO 90º'!$K:$K, 'CAP CONDUÇÃO 90º'!$L:$L, 'CAP CONDUÇÃO 90º'!$M:$M, 'CAP CONDUÇÃO 90º'!$N:$N, 'CAP CONDUÇÃO 90º'!$O:$O, 'CAP CONDUÇÃO 90º'!$P:$P, 'CAP CONDUÇÃO 90º'!$Q:$Q, 'CAP CONDUÇÃO 90º'!$R:$R, 'CAP CONDUÇÃO 90º'!$S:$S, 'CAP CONDUÇÃO 90º'!$T:$T ) ), BI101 ) > 0, MATCH(BI101, IF(AV101="PVC", CHOOSE( MATCH(AU101, {"A1 - 2";"A1 - 3";"A2 - 2";"A2 - 3";"B1 - 2";"B1 - 3";"B2 - 2";"B2 - 3";"C - 2";"C - 3";"D - 2";"D - 3";"E - 2";"E - 3";"F - 2";"F - 3TRI";"F - 3JUST";"G - 3HOR";"G - 3VER"}, 0), 'CAP CONDUÇÃO 70º'!$B:$B, 'CAP CONDUÇÃO 70º'!$C:$C, 'CAP CONDUÇÃO 70º'!$D:$D, 'CAP CONDUÇÃO 70º'!$E:$E, 'CAP CONDUÇÃO 70º'!$F:$F, 'CAP CONDUÇÃO 70º'!$G:$G, 'CAP CONDUÇÃO 70º'!$H:$H, 'CAP CONDUÇÃO 70º'!$I:$I, 'CAP CONDUÇÃO 70º'!$J:$J, 'CAP CONDUÇÃO 70º'!$K:$K, 'CAP CONDUÇÃO 70º'!$L:$L, 'CAP CONDUÇÃO 70º'!$M:$M, 'CAP CONDUÇÃO 70º'!$N:$N, 'CAP CONDUÇÃO 70º'!$O:$O, 'CAP CONDUÇÃO 70º'!$P:$P, 'CAP CONDUÇÃO 70º'!$Q:$Q, 'CAP CONDUÇÃO 70º'!$R:$R, 'CAP CONDUÇÃO 70º'!$S:$S, 'CAP CONDUÇÃO 70º'!$T:$T ), CHOOSE( MATCH(AU101, {"A1 - 2";"A1 - 3";"A2 - 2";"A2 - 3";"B1 - 2";"B1 - 3";"B2 - 2";"B2 - 3";"C - 2";"C - 3";"D - 2";"D - 3";"E - 2";"E - 3";"F - 2";"F - 3TRI";"F - 3JUST";"G - 3HOR";"G - 3VER"}, 0), 'CAP CONDUÇÃO 90º'!$B:$B, 'CAP CONDUÇÃO 90º'!$C:$C, 'CAP CONDUÇÃO 90º'!$D:$D, 'CAP CONDUÇÃO 90º'!$E:$E, 'CAP CONDUÇÃO 90º'!$F:$F, 'CAP CONDUÇÃO 90º'!$G:$G, 'CAP CONDUÇÃO 90º'!$H:$H, 'CAP CONDUÇÃO 90º'!$I:$I, 'CAP CONDUÇÃO 90º'!$J:$J, 'CAP CONDUÇÃO 90º'!$K:$K, 'CAP CONDUÇÃO 90º'!$L:$L, 'CAP CONDUÇÃO 90º'!$M:$M, 'CAP CONDUÇÃO 90º'!$N:$N, 'CAP CONDUÇÃO 90º'!$O:$O, 'CAP CONDUÇÃO 90º'!$P:$P, 'CAP CONDUÇÃO 90º'!$Q:$Q, 'CAP CONDUÇÃO 90º'!$R:$R, 'CAP CONDUÇÃO 90º'!$S:$S, 'CAP CONDUÇÃO 90º'!$T:$T ) ), 0 ), MATCH(BI101, IF(AV101="PVC", CHOOSE( MATCH(AU101, {"A1 - 2";"A1 - 3";"A2 - 2";"A2 - 3";"B1 - 2";"B1 - 3";"B2 - 2";"B2 - 3";"C - 2";"C - 3";"D - 2";"D - 3";"E - 2";"E - 3";"F - 2";"F - 3TRI";"F - 3JUST";"G - 3HOR";"G - 3VER"}, 0), 'CAP CONDUÇÃO 70º'!$B:$B, 'CAP CONDUÇÃO 70º'!$C:$C, 'CAP CONDUÇÃO 70º'!$D:$D, 'CAP CONDUÇÃO 70º'!$E:$E, 'CAP CONDUÇÃO 70º'!$F:$F, 'CAP CONDUÇÃO 70º'!$G:$G, 'CAP CONDUÇÃO 70º'!$H:$H, 'CAP CONDUÇÃO 70º'!$I:$I, 'CAP CONDUÇÃO 70º'!$J:$J, 'CAP CONDUÇÃO 70º'!$K:$K, 'CAP CONDUÇÃO 70º'!$L:$L, 'CAP CONDUÇÃO 70º'!$M:$M, 'CAP CONDUÇÃO 70º'!$N:$N, 'CAP CONDUÇÃO 70º'!$O:$O, 'CAP CONDUÇÃO 70º'!$P:$P, 'CAP CONDUÇÃO 70º'!$Q:$Q, 'CAP CONDUÇÃO 70º'!$R:$R, 'CAP CONDUÇÃO 70º'!$S:$S, 'CAP CONDUÇÃO 70º'!$T:$T ), CHOOSE( MATCH(AU101, {"A1 - 2";"A1 - 3";"A2 - 2";"A2 - 3";"B1 - 2";"B1 - 3";"B2 - 2";"B2 - 3";"C - 2";"C - 3";"D - 2";"D - 3";"E - 2";"E - 3";"F - 2";"F - 3TRI";"F - 3JUST";"G - 3HOR";"G - 3VER"}, 0), 'CAP CONDUÇÃO 90º'!$B:$B, 'CAP CONDUÇÃO 90º'!$C:$C, 'CAP CONDUÇÃO 90º'!$D:$D, 'CAP CONDUÇÃO 90º'!$E:$E, 'CAP CONDUÇÃO 90º'!$F:$F, 'CAP CONDUÇÃO 90º'!$G:$G, 'CAP CONDUÇÃO 90º'!$H:$H, 'CAP CONDUÇÃO 90º'!$I:$I, 'CAP CONDUÇÃO 90º'!$J:$J, 'CAP CONDUÇÃO 90º'!$K:$K, 'CAP CONDUÇÃO 90º'!$L:$L, 'CAP CONDUÇÃO 90º'!$M:$M, 'CAP CONDUÇÃO 90º'!$N:$N, 'CAP CONDUÇÃO 90º'!$O:$O, 'CAP CONDUÇÃO 90º'!$P:$P, 'CAP CONDUÇÃO 90º'!$Q:$Q, 'CAP CONDUÇÃO 90º'!$R:$R, 'CAP CONDUÇÃO 90º'!$S:$S, 'CAP CONDUÇÃO 90º'!$T:$T ) ), 1 ) + 1 ) ), "Não há valor maior ou igual" )} -> Não há valor maior ou igual | BS101: =IFERROR(IF(BP101="","","3F#"&BR101&"mm²+N"&VLOOKUP($BR$5,NEUTRO!$A:$B,2,0)&"mm²+T"&VLOOKUP($BR$5,TERRA!$A:$B,2,0)&"mm²"),"")
A102: 98 | AN102: 2 | AP102: =IF(SUMPRODUCT(B102:AO102, B$4:AO$4)=0, "", SUMPRODUCT(B102:AO102, B$4:AO$4)) | AQ102: =IF(AP102="","",IF((SUM(B102:K102)+SUM(AF102:AO102))>=1,1,0.92)) | AR102: =IF(AP102="","",ROUND((AP102/AQ102),0)) | AY102: Em feixe: ao ar livre ou sobre superfície; embutidos; em conduto fechado (métodos A a F) | AZ102: 1 | BA102: =INDEX(AGRUPAMENTO!C100:N104,MATCH(AY102,AGRUPAMENTO!B100:B104,0),MATCH(AZ102,AGRUPAMENTO!C99:N99,0)) -> #N/A | BB102: NÃO SUBTERRÂNEA | BC102: 30 | BD102: =IF(BB102="SUBTERRÂNEA",IF(AV102="PVC",VLOOKUP(BC102,TEMPERATURA!G99:H113,2,0),VLOOKUP(BC102,TEMPERATURA!G99:I113,3,0)),IF(AV102="PVC",VLOOKUP(BC102,TEMPERATURA!B99:C113,2,0),VLOOKUP(BC102,TEMPERATURA!B99:D113,3,0))) -> #N/A | BE102: =IF( AP102="", "", _xlfn.IFS( $BI$111="127/220", IF( BH102=1, 127, IF( BH102=2, ROUND(127*SQRT(3),0), IF( BH102=3, ROUND(127*SQRT(3),0), "" ) ) ), $BI$111="220/380", IF( BH102=1, 220, IF( BH102=2, ROUND(220*SQRT(3),0)-1, IF( BH102=3, ROUND(220*SQRT(3),0)-1, "" ) ) ), $BI$111="254/440", IF( BH102=1, 254, IF( BH102=2, ROUND(254*SQRT(3),0), IF( BH102=3, ROUND(254*SQRT(3),0), "" ) ) ) ) ) | BF102: =IF(AP102="","",ROUND(AR102/IF(BH102=1,127,IF(BH102=2,220,IF(BH102=3,381,""))),1)) | BG102: =(BF102*AX102)/(BD102*BA102) -> #VALUE! | BH102: =IF(COUNTA(BJ102:BL102)=0,"",COUNTA(BJ102:BL102)) -> 1 | BI102: =IF(AP102="","", IF(COUNTA(V102:AE102)>=1, MAX(IFERROR(_xlfn.AGGREGATE(15,6,DISJUNTORES!$C$2:$C$100/(DISJUNTORES!$C$2:$C$100>=BF102),1),""),25), IF(COUNTA(L102:U102)>=1, MAX(IFERROR(_xlfn.AGGREGATE(15,6,DISJUNTORES!$C$2:$C$100/(DISJUNTORES!$C$2:$C$100>=BF102),1),""),20), IF(COUNTA(A102:K102)>=1, MAX(IFERROR(_xlfn.AGGREGATE(15,6,DISJUNTORES!$C$2:$C$100/(DISJUNTORES!$C$2:$C$100>=BF102),1),""),16), IFERROR(_xlfn.AGGREGATE(15,6,DISJUNTORES!$C$2:$C$100/(DISJUNTORES!$C$2:$C$100>=BF102),1),""))))) | BJ102: x | BM102: =IF(IF(BJ102="","",AR102/COUNTA(BJ102:BL102))=0,"",IF(BJ102="","",AR102/COUNTA(BJ102:BL102))) -> #VALUE! | BN102: =IF(IF(BK102="","",AR102/COUNTA(BJ102:BL102))=0,"",IF(BK102="","",AR102/COUNTA(BJ102:BL102))) | BO102: =IF(IF(BL102="","",AR102/COUNTA(BJ102:BL102))=0,"",IF(BL102="","",AR102/COUNTA(BJ102:BL102))) | BP102: {=IFERROR( INDEX( IF(AV102="PVC", 'CAP CONDUÇÃO 70º'!$A:$A, 'CAP CONDUÇÃO 90º'!$A:$A), IF( COUNTIF( IF(AV102="PVC", CHOOSE( MATCH(AU102, {"A1 - 2";"A1 - 3";"A2 - 2";"A2 - 3";"B1 - 2";"B1 - 3";"B2 - 2";"B2 - 3";"C - 2";"C - 3";"D - 2";"D - 3";"E - 2";"E - 3";"F - 2";"F - 3TRI";"F - 3JUST";"G - 3HOR";"G - 3VER"}, 0), 'CAP CONDUÇÃO 70º'!$B:$B, 'CAP CONDUÇÃO 70º'!$C:$C, 'CAP CONDUÇÃO 70º'!$D:$D, 'CAP CONDUÇÃO 70º'!$E:$E, 'CAP CONDUÇÃO 70º'!$F:$F, 'CAP CONDUÇÃO 70º'!$G:$G, 'CAP CONDUÇÃO 70º'!$H:$H, 'CAP CONDUÇÃO 70º'!$I:$I, 'CAP CONDUÇÃO 70º'!$J:$J, 'CAP CONDUÇÃO 70º'!$K:$K, 'CAP CONDUÇÃO 70º'!$L:$L, 'CAP CONDUÇÃO 70º'!$M:$M, 'CAP CONDUÇÃO 70º'!$N:$N, 'CAP CONDUÇÃO 70º'!$O:$O, 'CAP CONDUÇÃO 70º'!$P:$P, 'CAP CONDUÇÃO 70º'!$Q:$Q, 'CAP CONDUÇÃO 70º'!$R:$R, 'CAP CONDUÇÃO 70º'!$S:$S, 'CAP CONDUÇÃO 70º'!$T:$T ), CHOOSE( MATCH(AU102, {"A1 - 2";"A1 - 3";"A2 - 2";"A2 - 3";"B1 - 2";"B1 - 3";"B2 - 2";"B2 - 3";"C - 2";"C - 3";"D - 2";"D - 3";"E - 2";"E - 3";"F - 2";"F - 3TRI";"F - 3JUST";"G - 3HOR";"G - 3VER"}, 0), 'CAP CONDUÇÃO 90º'!$B:$B, 'CAP CONDUÇÃO 90º'!$C:$C, 'CAP CONDUÇÃO 90º'!$D:$D, 'CAP CONDUÇÃO 90º'!$E:$E, 'CAP CONDUÇÃO 90º'!$F:$F, 'CAP CONDUÇÃO 90º'!$G:$G, 'CAP CONDUÇÃO 90º'!$H:$H, 'CAP CONDUÇÃO 90º'!$I:$I, 'CAP CONDUÇÃO 90º'!$J:$J, 'CAP CONDUÇÃO 90º'!$K:$K, 'CAP CONDUÇÃO 90º'!$L:$L, 'CAP CONDUÇÃO 90º'!$M:$M, 'CAP CONDUÇÃO 90º'!$N:$N, 'CAP CONDUÇÃO 90º'!$O:$O, 'CAP CONDUÇÃO 90º'!$P:$P, 'CAP CONDUÇÃO 90º'!$Q:$Q, 'CAP CONDUÇÃO 90º'!$R:$R, 'CAP CONDUÇÃO 90º'!$S:$S, 'CAP CONDUÇÃO 90º'!$T:$T ) ), BI102 ) > 0, MATCH(BI102, IF(AV102="PVC", CHOOSE( MATCH(AU102, {"A1 - 2";"A1 - 3";"A2 - 2";"A2 - 3";"B1 - 2";"B1 - 3";"B2 - 2";"B2 - 3";"C - 2";"C - 3";"D - 2";"D - 3";"E - 2";"E - 3";"F - 2";"F - 3TRI";"F - 3JUST";"G - 3HOR";"G - 3VER"}, 0), 'CAP CONDUÇÃO 70º'!$B:$B, 'CAP CONDUÇÃO 70º'!$C:$C, 'CAP CONDUÇÃO 70º'!$D:$D, 'CAP CONDUÇÃO 70º'!$E:$E, 'CAP CONDUÇÃO 70º'!$F:$F, 'CAP CONDUÇÃO 70º'!$G:$G, 'CAP CONDUÇÃO 70º'!$H:$H, 'CAP CONDUÇÃO 70º'!$I:$I, 'CAP CONDUÇÃO 70º'!$J:$J, 'CAP CONDUÇÃO 70º'!$K:$K, 'CAP CONDUÇÃO 70º'!$L:$L, 'CAP CONDUÇÃO 70º'!$M:$M, 'CAP CONDUÇÃO 70º'!$N:$N, 'CAP CONDUÇÃO 70º'!$O:$O, 'CAP CONDUÇÃO 70º'!$P:$P, 'CAP CONDUÇÃO 70º'!$Q:$Q, 'CAP CONDUÇÃO 70º'!$R:$R, 'CAP CONDUÇÃO 70º'!$S:$S, 'CAP CONDUÇÃO 70º'!$T:$T ), CHOOSE( MATCH(AU102, {"A1 - 2";"A1 - 3";"A2 - 2";"A2 - 3";"B1 - 2";"B1 - 3";"B2 - 2";"B2 - 3";"C - 2";"C - 3";"D - 2";"D - 3";"E - 2";"E - 3";"F - 2";"F - 3TRI";"F - 3JUST";"G - 3HOR";"G - 3VER"}, 0), 'CAP CONDUÇÃO 90º'!$B:$B, 'CAP CONDUÇÃO 90º'!$C:$C, 'CAP CONDUÇÃO 90º'!$D:$D, 'CAP CONDUÇÃO 90º'!$E:$E, 'CAP CONDUÇÃO 90º'!$F:$F, 'CAP CONDUÇÃO 90º'!$G:$G, 'CAP CONDUÇÃO 90º'!$H:$H, 'CAP CONDUÇÃO 90º'!$I:$I, 'CAP CONDUÇÃO 90º'!$J:$J, 'CAP CONDUÇÃO 90º'!$K:$K, 'CAP CONDUÇÃO 90º'!$L:$L, 'CAP CONDUÇÃO 90º'!$M:$M, 'CAP CONDUÇÃO 90º'!$N:$N, 'CAP CONDUÇÃO 90º'!$O:$O, 'CAP CONDUÇÃO 90º'!$P:$P, 'CAP CONDUÇÃO 90º'!$Q:$Q, 'CAP CONDUÇÃO 90º'!$R:$R, 'CAP CONDUÇÃO 90º'!$S:$S, 'CAP CONDUÇÃO 90º'!$T:$T ) ), 0 ), MATCH(BI102, IF(AV102="PVC", CHOOSE( MATCH(AU102, {"A1 - 2";"A1 - 3";"A2 - 2";"A2 - 3";"B1 - 2";"B1 - 3";"B2 - 2";"B2 - 3";"C - 2";"C - 3";"D - 2";"D - 3";"E - 2";"E - 3";"F - 2";"F - 3TRI";"F - 3JUST";"G - 3HOR";"G - 3VER"}, 0), 'CAP CONDUÇÃO 70º'!$B:$B, 'CAP CONDUÇÃO 70º'!$C:$C, 'CAP CONDUÇÃO 70º'!$D:$D, 'CAP CONDUÇÃO 70º'!$E:$E, 'CAP CONDUÇÃO 70º'!$F:$F, 'CAP CONDUÇÃO 70º'!$G:$G, 'CAP CONDUÇÃO 70º'!$H:$H, 'CAP CONDUÇÃO 70º'!$I:$I, 'CAP CONDUÇÃO 70º'!$J:$J, 'CAP CONDUÇÃO 70º'!$K:$K, 'CAP CONDUÇÃO 70º'!$L:$L, 'CAP CONDUÇÃO 70º'!$M:$M, 'CAP CONDUÇÃO 70º'!$N:$N, 'CAP CONDUÇÃO 70º'!$O:$O, 'CAP CONDUÇÃO 70º'!$P:$P, 'CAP CONDUÇÃO 70º'!$Q:$Q, 'CAP CONDUÇÃO 70º'!$R:$R, 'CAP CONDUÇÃO 70º'!$S:$S, 'CAP CONDUÇÃO 70º'!$T:$T ), CHOOSE( MATCH(AU102, {"A1 - 2";"A1 - 3";"A2 - 2";"A2 - 3";"B1 - 2";"B1 - 3";"B2 - 2";"B2 - 3";"C - 2";"C - 3";"D - 2";"D - 3";"E - 2";"E - 3";"F - 2";"F - 3TRI";"F - 3JUST";"G - 3HOR";"G - 3VER"}, 0), 'CAP CONDUÇÃO 90º'!$B:$B, 'CAP CONDUÇÃO 90º'!$C:$C, 'CAP CONDUÇÃO 90º'!$D:$D, 'CAP CONDUÇÃO 90º'!$E:$E, 'CAP CONDUÇÃO 90º'!$F:$F, 'CAP CONDUÇÃO 90º'!$G:$G, 'CAP CONDUÇÃO 90º'!$H:$H, 'CAP CONDUÇÃO 90º'!$I:$I, 'CAP CONDUÇÃO 90º'!$J:$J, 'CAP CONDUÇÃO 90º'!$K:$K, 'CAP CONDUÇÃO 90º'!$L:$L, 'CAP CONDUÇÃO 90º'!$M:$M, 'CAP CONDUÇÃO 90º'!$N:$N, 'CAP CONDUÇÃO 90º'!$O:$O, 'CAP CONDUÇÃO 90º'!$P:$P, 'CAP CONDUÇÃO 90º'!$Q:$Q, 'CAP CONDUÇÃO 90º'!$R:$R, 'CAP CONDUÇÃO 90º'!$S:$S, 'CAP CONDUÇÃO 90º'!$T:$T ) ), 1 ) + 1 ) ), "Não há valor maior ou igual" )} -> Não há valor maior ou igual | BS102: =IFERROR(IF(BP102="","","3F#"&BR102&"mm²+N"&VLOOKUP($BR$5,NEUTRO!$A:$B,2,0)&"mm²+T"&VLOOKUP($BR$5,TERRA!$A:$B,2,0)&"mm²"),"")
A103: 99 | AN103: 3 | AP103: =IF(SUMPRODUCT(B103:AO103, B$4:AO$4)=0, "", SUMPRODUCT(B103:AO103, B$4:AO$4)) | AQ103: =IF(AP103="","",IF((SUM(B103:K103)+SUM(AF103:AO103))>=1,1,0.92)) | AR103: =IF(AP103="","",ROUND((AP103/AQ103),0)) | AY103: Em feixe: ao ar livre ou sobre superfície; embutidos; em conduto fechado (métodos A a F) | AZ103: 1 | BA103: =INDEX(AGRUPAMENTO!C101:N105,MATCH(AY103,AGRUPAMENTO!B101:B105,0),MATCH(AZ103,AGRUPAMENTO!C100:N100,0)) -> #N/A | BB103: NÃO SUBTERRÂNEA | BC103: 30 | BD103: =IF(BB103="SUBTERRÂNEA",IF(AV103="PVC",VLOOKUP(BC103,TEMPERATURA!G100:H114,2,0),VLOOKUP(BC103,TEMPERATURA!G100:I114,3,0)),IF(AV103="PVC",VLOOKUP(BC103,TEMPERATURA!B100:C114,2,0),VLOOKUP(BC103,TEMPERATURA!B100:D114,3,0))) -> #N/A | BE103: =IF( AP103="", "", _xlfn.IFS( $BI$111="127/220", IF( BH103=1, 127, IF( BH103=2, ROUND(127*SQRT(3),0), IF( BH103=3, ROUND(127*SQRT(3),0), "" ) ) ), $BI$111="220/380", IF( BH103=1, 220, IF( BH103=2, ROUND(220*SQRT(3),0)-1, IF( BH103=3, ROUND(220*SQRT(3),0)-1, "" ) ) ), $BI$111="254/440", IF( BH103=1, 254, IF( BH103=2, ROUND(254*SQRT(3),0), IF( BH103=3, ROUND(254*SQRT(3),0), "" ) ) ) ) ) | BF103: =IF(AP103="","",ROUND(AR103/IF(BH103=1,127,IF(BH103=2,220,IF(BH103=3,381,""))),1)) | BG103: =(BF103*AX103)/(BD103*BA103) -> #VALUE! | BH103: =IF(COUNTA(BJ103:BL103)=0,"",COUNTA(BJ103:BL103)) -> 1 | BI103: =IF(AP103="","", IF(COUNTA(V103:AE103)>=1, MAX(IFERROR(_xlfn.AGGREGATE(15,6,DISJUNTORES!$C$2:$C$100/(DISJUNTORES!$C$2:$C$100>=BF103),1),""),25), IF(COUNTA(L103:U103)>=1, MAX(IFERROR(_xlfn.AGGREGATE(15,6,DISJUNTORES!$C$2:$C$100/(DISJUNTORES!$C$2:$C$100>=BF103),1),""),20), IF(COUNTA(A103:K103)>=1, MAX(IFERROR(_xlfn.AGGREGATE(15,6,DISJUNTORES!$C$2:$C$100/(DISJUNTORES!$C$2:$C$100>=BF103),1),""),16), IFERROR(_xlfn.AGGREGATE(15,6,DISJUNTORES!$C$2:$C$100/(DISJUNTORES!$C$2:$C$100>=BF103),1),""))))) | BJ103: x | BM103: =IF(IF(BJ103="","",AR103/COUNTA(BJ103:BL103))=0,"",IF(BJ103="","",AR103/COUNTA(BJ103:BL103))) -> #VALUE! | BN103: =IF(IF(BK103="","",AR103/COUNTA(BJ103:BL103))=0,"",IF(BK103="","",AR103/COUNTA(BJ103:BL103))) | BO103: =IF(IF(BL103="","",AR103/COUNTA(BJ103:BL103))=0,"",IF(BL103="","",AR103/COUNTA(BJ103:BL103))) | BP103: {=IFERROR( INDEX( IF(AV103="PVC", 'CAP CONDUÇÃO 70º'!$A:$A, 'CAP CONDUÇÃO 90º'!$A:$A), IF( COUNTIF( IF(AV103="PVC", CHOOSE( MATCH(AU103, {"A1 - 2";"A1 - 3";"A2 - 2";"A2 - 3";"B1 - 2";"B1 - 3";"B2 - 2";"B2 - 3";"C - 2";"C - 3";"D - 2";"D - 3";"E - 2";"E - 3";"F - 2";"F - 3TRI";"F - 3JUST";"G - 3HOR";"G - 3VER"}, 0), 'CAP CONDUÇÃO 70º'!$B:$B, 'CAP CONDUÇÃO 70º'!$C:$C, 'CAP CONDUÇÃO 70º'!$D:$D, 'CAP CONDUÇÃO 70º'!$E:$E, 'CAP CONDUÇÃO 70º'!$F:$F, 'CAP CONDUÇÃO 70º'!$G:$G, 'CAP CONDUÇÃO 70º'!$H:$H, 'CAP CONDUÇÃO 70º'!$I:$I, 'CAP CONDUÇÃO 70º'!$J:$J, 'CAP CONDUÇÃO 70º'!$K:$K, 'CAP CONDUÇÃO 70º'!$L:$L, 'CAP CONDUÇÃO 70º'!$M:$M, 'CAP CONDUÇÃO 70º'!$N:$N, 'CAP CONDUÇÃO 70º'!$O:$O, 'CAP CONDUÇÃO 70º'!$P:$P, 'CAP CONDUÇÃO 70º'!$Q:$Q, 'CAP CONDUÇÃO 70º'!$R:$R, 'CAP CONDUÇÃO 70º'!$S:$S, 'CAP CONDUÇÃO 70º'!$T:$T ), CHOOSE( MATCH(AU103, {"A1 - 2";"A1 - 3";"A2 - 2";"A2 - 3";"B1 - 2";"B1 - 3";"B2 - 2";"B2 - 3";"C - 2";"C - 3";"D - 2";"D - 3";"E - 2";"E - 3";"F - 2";"F - 3TRI";"F - 3JUST";"G - 3HOR";"G - 3VER"}, 0), 'CAP CONDUÇÃO 90º'!$B:$B, 'CAP CONDUÇÃO 90º'!$C:$C, 'CAP CONDUÇÃO 90º'!$D:$D, 'CAP CONDUÇÃO 90º'!$E:$E, 'CAP CONDUÇÃO 90º'!$F:$F, 'CAP CONDUÇÃO 90º'!$G:$G, 'CAP CONDUÇÃO 90º'!$H:$H, 'CAP CONDUÇÃO 90º'!$I:$I, 'CAP CONDUÇÃO 90º'!$J:$J, 'CAP CONDUÇÃO 90º'!$K:$K, 'CAP CONDUÇÃO 90º'!$L:$L, 'CAP CONDUÇÃO 90º'!$M:$M, 'CAP CONDUÇÃO 90º'!$N:$N, 'CAP CONDUÇÃO 90º'!$O:$O, 'CAP CONDUÇÃO 90º'!$P:$P, 'CAP CONDUÇÃO 90º'!$Q:$Q, 'CAP CONDUÇÃO 90º'!$R:$R, 'CAP CONDUÇÃO 90º'!$S:$S, 'CAP CONDUÇÃO 90º'!$T:$T ) ), BI103 ) > 0, MATCH(BI103, IF(AV103="PVC", CHOOSE( MATCH(AU103, {"A1 - 2";"A1 - 3";"A2 - 2";"A2 - 3";"B1 - 2";"B1 - 3";"B2 - 2";"B2 - 3";"C - 2";"C - 3";"D - 2";"D - 3";"E - 2";"E - 3";"F - 2";"F - 3TRI";"F - 3JUST";"G - 3HOR";"G - 3VER"}, 0), 'CAP CONDUÇÃO 70º'!$B:$B, 'CAP CONDUÇÃO 70º'!$C:$C, 'CAP CONDUÇÃO 70º'!$D:$D, 'CAP CONDUÇÃO 70º'!$E:$E, 'CAP CONDUÇÃO 70º'!$F:$F, 'CAP CONDUÇÃO 70º'!$G:$G, 'CAP CONDUÇÃO 70º'!$H:$H, 'CAP CONDUÇÃO 70º'!$I:$I, 'CAP CONDUÇÃO 70º'!$J:$J, 'CAP CONDUÇÃO 70º'!$K:$K, 'CAP CONDUÇÃO 70º'!$L:$L, 'CAP CONDUÇÃO 70º'!$M:$M, 'CAP CONDUÇÃO 70º'!$N:$N, 'CAP CONDUÇÃO 70º'!$O:$O, 'CAP CONDUÇÃO 70º'!$P:$P, 'CAP CONDUÇÃO 70º'!$Q:$Q, 'CAP CONDUÇÃO 70º'!$R:$R, 'CAP CONDUÇÃO 70º'!$S:$S, 'CAP CONDUÇÃO 70º'!$T:$T ), CHOOSE( MATCH(AU103, {"A1 - 2";"A1 - 3";"A2 - 2";"A2 - 3";"B1 - 2";"B1 - 3";"B2 - 2";"B2 - 3";"C - 2";"C - 3";"D - 2";"D - 3";"E - 2";"E - 3";"F - 2";"F - 3TRI";"F - 3JUST";"G - 3HOR";"G - 3VER"}, 0), 'CAP CONDUÇÃO 90º'!$B:$B, 'CAP CONDUÇÃO 90º'!$C:$C, 'CAP CONDUÇÃO 90º'!$D:$D, 'CAP CONDUÇÃO 90º'!$E:$E, 'CAP CONDUÇÃO 90º'!$F:$F, 'CAP CONDUÇÃO 90º'!$G:$G, 'CAP CONDUÇÃO 90º'!$H:$H, 'CAP CONDUÇÃO 90º'!$I:$I, 'CAP CONDUÇÃO 90º'!$J:$J, 'CAP CONDUÇÃO 90º'!$K:$K, 'CAP CONDUÇÃO 90º'!$L:$L, 'CAP CONDUÇÃO 90º'!$M:$M, 'CAP CONDUÇÃO 90º'!$N:$N, 'CAP CONDUÇÃO 90º'!$O:$O, 'CAP CONDUÇÃO 90º'!$P:$P, 'CAP CONDUÇÃO 90º'!$Q:$Q, 'CAP CONDUÇÃO 90º'!$R:$R, 'CAP CONDUÇÃO 90º'!$S:$S, 'CAP CONDUÇÃO 90º'!$T:$T ) ), 0 ), MATCH(BI103, IF(AV103="PVC", CHOOSE( MATCH(AU103, {"A1 - 2";"A1 - 3";"A2 - 2";"A2 - 3";"B1 - 2";"B1 - 3";"B2 - 2";"B2 - 3";"C - 2";"C - 3";"D - 2";"D - 3";"E - 2";"E - 3";"F - 2";"F - 3TRI";"F - 3JUST";"G - 3HOR";"G - 3VER"}, 0), 'CAP CONDUÇÃO 70º'!$B:$B, 'CAP CONDUÇÃO 70º'!$C:$C, 'CAP CONDUÇÃO 70º'!$D:$D, 'CAP CONDUÇÃO 70º'!$E:$E, 'CAP CONDUÇÃO 70º'!$F:$F, 'CAP CONDUÇÃO 70º'!$G:$G, 'CAP CONDUÇÃO 70º'!$H:$H, 'CAP CONDUÇÃO 70º'!$I:$I, 'CAP CONDUÇÃO 70º'!$J:$J, 'CAP CONDUÇÃO 70º'!$K:$K, 'CAP CONDUÇÃO 70º'!$L:$L, 'CAP CONDUÇÃO 70º'!$M:$M, 'CAP CONDUÇÃO 70º'!$N:$N, 'CAP CONDUÇÃO 70º'!$O:$O, 'CAP CONDUÇÃO 70º'!$P:$P, 'CAP CONDUÇÃO 70º'!$Q:$Q, 'CAP CONDUÇÃO 70º'!$R:$R, 'CAP CONDUÇÃO 70º'!$S:$S, 'CAP CONDUÇÃO 70º'!$T:$T ), CHOOSE( MATCH(AU103, {"A1 - 2";"A1 - 3";"A2 - 2";"A2 - 3";"B1 - 2";"B1 - 3";"B2 - 2";"B2 - 3";"C - 2";"C - 3";"D - 2";"D - 3";"E - 2";"E - 3";"F - 2";"F - 3TRI";"F - 3JUST";"G - 3HOR";"G - 3VER"}, 0), 'CAP CONDUÇÃO 90º'!$B:$B, 'CAP CONDUÇÃO 90º'!$C:$C, 'CAP CONDUÇÃO 90º'!$D:$D, 'CAP CONDUÇÃO 90º'!$E:$E, 'CAP CONDUÇÃO 90º'!$F:$F, 'CAP CONDUÇÃO 90º'!$G:$G, 'CAP CONDUÇÃO 90º'!$H:$H, 'CAP CONDUÇÃO 90º'!$I:$I, 'CAP CONDUÇÃO 90º'!$J:$J, 'CAP CONDUÇÃO 90º'!$K:$K, 'CAP CONDUÇÃO 90º'!$L:$L, 'CAP CONDUÇÃO 90º'!$M:$M, 'CAP CONDUÇÃO 90º'!$N:$N, 'CAP CONDUÇÃO 90º'!$O:$O, 'CAP CONDUÇÃO 90º'!$P:$P, 'CAP CONDUÇÃO 90º'!$Q:$Q, 'CAP CONDUÇÃO 90º'!$R:$R, 'CAP CONDUÇÃO 90º'!$S:$S, 'CAP CONDUÇÃO 90º'!$T:$T ) ), 1 ) + 1 ) ), "Não há valor maior ou igual" )} -> Não há valor maior ou igual | BS103: =IFERROR(IF(BP103="","","3F#"&BR103&"mm²+N"&VLOOKUP($BR$5,NEUTRO!$A:$B,2,0)&"mm²+T"&VLOOKUP($BR$5,TERRA!$A:$B,2,0)&"mm²"),"")
A104: 100 | AN104: 1 | AP104: =IF(SUMPRODUCT(B104:AO104, B$4:AO$4)=0, "", SUMPRODUCT(B104:AO104, B$4:AO$4)) | AQ104: =IF(AP104="","",IF((SUM(B104:K104)+SUM(AF104:AO104))>=1,1,0.92)) | AR104: =IF(AP104="","",ROUND((AP104/AQ104),0)) | AY104: Em feixe: ao ar livre ou sobre superfície; embutidos; em conduto fechado (métodos A a F) | AZ104: 1 | BA104: =INDEX(AGRUPAMENTO!C102:N106,MATCH(AY104,AGRUPAMENTO!B102:B106,0),MATCH(AZ104,AGRUPAMENTO!C101:N101,0)) -> #N/A | BB104: NÃO SUBTERRÂNEA | BC104: 30 | BD104: =IF(BB104="SUBTERRÂNEA",IF(AV104="PVC",VLOOKUP(BC104,TEMPERATURA!G101:H115,2,0),VLOOKUP(BC104,TEMPERATURA!G101:I115,3,0)),IF(AV104="PVC",VLOOKUP(BC104,TEMPERATURA!B101:C115,2,0),VLOOKUP(BC104,TEMPERATURA!B101:D115,3,0))) -> #N/A | BE104: =IF( AP104="", "", _xlfn.IFS( $BI$111="127/220", IF( BH104=1, 127, IF( BH104=2, ROUND(127*SQRT(3),0), IF( BH104=3, ROUND(127*SQRT(3),0), "" ) ) ), $BI$111="220/380", IF( BH104=1, 220, IF( BH104=2, ROUND(220*SQRT(3),0)-1, IF( BH104=3, ROUND(220*SQRT(3),0)-1, "" ) ) ), $BI$111="254/440", IF( BH104=1, 254, IF( BH104=2, ROUND(254*SQRT(3),0), IF( BH104=3, ROUND(254*SQRT(3),0), "" ) ) ) ) ) | BF104: =IF(AP104="","",ROUND(AR104/IF(BH104=1,127,IF(BH104=2,220,IF(BH104=3,381,""))),1)) | BG104: =(BF104*AX104)/(BD104*BA104) -> #VALUE! | BH104: =IF(COUNTA(BJ104:BL104)=0,"",COUNTA(BJ104:BL104)) -> 1 | BI104: =IF(AP104="","", IF(COUNTA(V104:AE104)>=1, MAX(IFERROR(_xlfn.AGGREGATE(15,6,DISJUNTORES!$C$2:$C$100/(DISJUNTORES!$C$2:$C$100>=BF104),1),""),25), IF(COUNTA(L104:U104)>=1, MAX(IFERROR(_xlfn.AGGREGATE(15,6,DISJUNTORES!$C$2:$C$100/(DISJUNTORES!$C$2:$C$100>=BF104),1),""),20), IF(COUNTA(A104:K104)>=1, MAX(IFERROR(_xlfn.AGGREGATE(15,6,DISJUNTORES!$C$2:$C$100/(DISJUNTORES!$C$2:$C$100>=BF104),1),""),16), IFERROR(_xlfn.AGGREGATE(15,6,DISJUNTORES!$C$2:$C$100/(DISJUNTORES!$C$2:$C$100>=BF104),1),""))))) | BJ104: x | BM104: =IF(IF(BJ104="","",AR104/COUNTA(BJ104:BL104))=0,"",IF(BJ104="","",AR104/COUNTA(BJ104:BL104))) -> #VALUE! | BN104: =IF(IF(BK104="","",AR104/COUNTA(BJ104:BL104))=0,"",IF(BK104="","",AR104/COUNTA(BJ104:BL104))) | BO104: =IF(IF(BL104="","",AR104/COUNTA(BJ104:BL104))=0,"",IF(BL104="","",AR104/COUNTA(BJ104:BL104))) | BP104: {=IFERROR( INDEX( IF(AV104="PVC", 'CAP CONDUÇÃO 70º'!$A:$A, 'CAP CONDUÇÃO 90º'!$A:$A), IF( COUNTIF( IF(AV104="PVC", CHOOSE( MATCH(AU104, {"A1 - 2";"A1 - 3";"A2 - 2";"A2 - 3";"B1 - 2";"B1 - 3";"B2 - 2";"B2 - 3";"C - 2";"C - 3";"D - 2";"D - 3";"E - 2";"E - 3";"F - 2";"F - 3TRI";"F - 3JUST";"G - 3HOR";"G - 3VER"}, 0), 'CAP CONDUÇÃO 70º'!$B:$B, 'CAP CONDUÇÃO 70º'!$C:$C, 'CAP CONDUÇÃO 70º'!$D:$D, 'CAP CONDUÇÃO 70º'!$E:$E, 'CAP CONDUÇÃO 70º'!$F:$F, 'CAP CONDUÇÃO 70º'!$G:$G, 'CAP CONDUÇÃO 70º'!$H:$H, 'CAP CONDUÇÃO 70º'!$I:$I, 'CAP CONDUÇÃO 70º'!$J:$J, 'CAP CONDUÇÃO 70º'!$K:$K, 'CAP CONDUÇÃO 70º'!$L:$L, 'CAP CONDUÇÃO 70º'!$M:$M, 'CAP CONDUÇÃO 70º'!$N:$N, 'CAP CONDUÇÃO 70º'!$O:$O, 'CAP CONDUÇÃO 70º'!$P:$P, 'CAP CONDUÇÃO 70º'!$Q:$Q, 'CAP CONDUÇÃO 70º'!$R:$R, 'CAP CONDUÇÃO 70º'!$S:$S, 'CAP CONDUÇÃO 70º'!$T:$T ), CHOOSE( MATCH(AU104, {"A1 - 2";"A1 - 3";"A2 - 2";"A2 - 3";"B1 - 2";"B1 - 3";"B2 - 2";"B2 - 3";"C - 2";"C - 3";"D - 2";"D - 3";"E - 2";"E - 3";"F - 2";"F - 3TRI";"F - 3JUST";"G - 3HOR";"G - 3VER"}, 0), 'CAP CONDUÇÃO 90º'!$B:$B, 'CAP CONDUÇÃO 90º'!$C:$C, 'CAP CONDUÇÃO 90º'!$D:$D, 'CAP CONDUÇÃO 90º'!$E:$E, 'CAP CONDUÇÃO 90º'!$F:$F, 'CAP CONDUÇÃO 90º'!$G:$G, 'CAP CONDUÇÃO 90º'!$H:$H, 'CAP CONDUÇÃO 90º'!$I:$I, 'CAP CONDUÇÃO 90º'!$J:$J, 'CAP CONDUÇÃO 90º'!$K:$K, 'CAP CONDUÇÃO 90º'!$L:$L, 'CAP CONDUÇÃO 90º'!$M:$M, 'CAP CONDUÇÃO 90º'!$N:$N, 'CAP CONDUÇÃO 90º'!$O:$O, 'CAP CONDUÇÃO 90º'!$P:$P, 'CAP CONDUÇÃO 90º'!$Q:$Q, 'CAP CONDUÇÃO 90º'!$R:$R, 'CAP CONDUÇÃO 90º'!$S:$S, 'CAP CONDUÇÃO 90º'!$T:$T ) ), BI104 ) > 0, MATCH(BI104, IF(AV104="PVC", CHOOSE( MATCH(AU104, {"A1 - 2";"A1 - 3";"A2 - 2";"A2 - 3";"B1 - 2";"B1 - 3";"B2 - 2";"B2 - 3";"C - 2";"C - 3";"D - 2";"D - 3";"E - 2";"E - 3";"F - 2";"F - 3TRI";"F - 3JUST";"G - 3HOR";"G - 3VER"}, 0), 'CAP CONDUÇÃO 70º'!$B:$B, 'CAP CONDUÇÃO 70º'!$C:$C, 'CAP CONDUÇÃO 70º'!$D:$D, 'CAP CONDUÇÃO 70º'!$E:$E, 'CAP CONDUÇÃO 70º'!$F:$F, 'CAP CONDUÇÃO 70º'!$G:$G, 'CAP CONDUÇÃO 70º'!$H:$H, 'CAP CONDUÇÃO 70º'!$I:$I, 'CAP CONDUÇÃO 70º'!$J:$J, 'CAP CONDUÇÃO 70º'!$K:$K, 'CAP CONDUÇÃO 70º'!$L:$L, 'CAP CONDUÇÃO 70º'!$M:$M, 'CAP CONDUÇÃO 70º'!$N:$N, 'CAP CONDUÇÃO 70º'!$O:$O, 'CAP CONDUÇÃO 70º'!$P:$P, 'CAP CONDUÇÃO 70º'!$Q:$Q, 'CAP CONDUÇÃO 70º'!$R:$R, 'CAP CONDUÇÃO 70º'!$S:$S, 'CAP CONDUÇÃO 70º'!$T:$T ), CHOOSE( MATCH(AU104, {"A1 - 2";"A1 - 3";"A2 - 2";"A2 - 3";"B1 - 2";"B1 - 3";"B2 - 2";"B2 - 3";"C - 2";"C - 3";"D - 2";"D - 3";"E - 2";"E - 3";"F - 2";"F - 3TRI";"F - 3JUST";"G - 3HOR";"G - 3VER"}, 0), 'CAP CONDUÇÃO 90º'!$B:$B, 'CAP CONDUÇÃO 90º'!$C:$C, 'CAP CONDUÇÃO 90º'!$D:$D, 'CAP CONDUÇÃO 90º'!$E:$E, 'CAP CONDUÇÃO 90º'!$F:$F, 'CAP CONDUÇÃO 90º'!$G:$G, 'CAP CONDUÇÃO 90º'!$H:$H, 'CAP CONDUÇÃO 90º'!$I:$I, 'CAP CONDUÇÃO 90º'!$J:$J, 'CAP CONDUÇÃO 90º'!$K:$K, 'CAP CONDUÇÃO 90º'!$L:$L, 'CAP CONDUÇÃO 90º'!$M:$M, 'CAP CONDUÇÃO 90º'!$N:$N, 'CAP CONDUÇÃO 90º'!$O:$O, 'CAP CONDUÇÃO 90º'!$P:$P, 'CAP CONDUÇÃO 90º'!$Q:$Q, 'CAP CONDUÇÃO 90º'!$R:$R, 'CAP CONDUÇÃO 90º'!$S:$S, 'CAP CONDUÇÃO 90º'!$T:$T ) ), 0 ), MATCH(BI104, IF(AV104="PVC", CHOOSE( MATCH(AU104, {"A1 - 2";"A1 - 3";"A2 - 2";"A2 - 3";"B1 - 2";"B1 - 3";"B2 - 2";"B2 - 3";"C - 2";"C - 3";"D - 2";"D - 3";"E - 2";"E - 3";"F - 2";"F - 3TRI";"F - 3JUST";"G - 3HOR";"G - 3VER"}, 0), 'CAP CONDUÇÃO 70º'!$B:$B, 'CAP CONDUÇÃO 70º'!$C:$C, 'CAP CONDUÇÃO 70º'!$D:$D, 'CAP CONDUÇÃO 70º'!$E:$E, 'CAP CONDUÇÃO 70º'!$F:$F, 'CAP CONDUÇÃO 70º'!$G:$G, 'CAP CONDUÇÃO 70º'!$H:$H, 'CAP CONDUÇÃO 70º'!$I:$I, 'CAP CONDUÇÃO 70º'!$J:$J, 'CAP CONDUÇÃO 70º'!$K:$K, 'CAP CONDUÇÃO 70º'!$L:$L, 'CAP CONDUÇÃO 70º'!$M:$M, 'CAP CONDUÇÃO 70º'!$N:$N, 'CAP CONDUÇÃO 70º'!$O:$O, 'CAP CONDUÇÃO 70º'!$P:$P, 'CAP CONDUÇÃO 70º'!$Q:$Q, 'CAP CONDUÇÃO 70º'!$R:$R, 'CAP CONDUÇÃO 70º'!$S:$S, 'CAP CONDUÇÃO 70º'!$T:$T ), CHOOSE( MATCH(AU104, {"A1 - 2";"A1 - 3";"A2 - 2";"A2 - 3";"B1 - 2";"B1 - 3";"B2 - 2";"B2 - 3";"C - 2";"C - 3";"D - 2";"D - 3";"E - 2";"E - 3";"F - 2";"F - 3TRI";"F - 3JUST";"G - 3HOR";"G - 3VER"}, 0), 'CAP CONDUÇÃO 90º'!$B:$B, 'CAP CONDUÇÃO 90º'!$C:$C, 'CAP CONDUÇÃO 90º'!$D:$D, 'CAP CONDUÇÃO 90º'!$E:$E, 'CAP CONDUÇÃO 90º'!$F:$F, 'CAP CONDUÇÃO 90º'!$G:$G, 'CAP CONDUÇÃO 90º'!$H:$H, 'CAP CONDUÇÃO 90º'!$I:$I, 'CAP CONDUÇÃO 90º'!$J:$J, 'CAP CONDUÇÃO 90º'!$K:$K, 'CAP CONDUÇÃO 90º'!$L:$L, 'CAP CONDUÇÃO 90º'!$M:$M, 'CAP CONDUÇÃO 90º'!$N:$N, 'CAP CONDUÇÃO 90º'!$O:$O, 'CAP CONDUÇÃO 90º'!$P:$P, 'CAP CONDUÇÃO 90º'!$Q:$Q, 'CAP CONDUÇÃO 90º'!$R:$R, 'CAP CONDUÇÃO 90º'!$S:$S, 'CAP CONDUÇÃO 90º'!$T:$T ) ), 1 ) + 1 ) ), "Não há valor maior ou igual" )} -> Não há valor maior ou igual | BS104: =IFERROR(IF(BP104="","","3F#"&BR104&"mm²+N"&VLOOKUP($BR$5,NEUTRO!$A:$B,2,0)&"mm²+T"&VLOOKUP($BR$5,TERRA!$A:$B,2,0)&"mm²"),"")
A105: TOTAL | B105: =IF((SUM(B5:B104))=0,"",SUM(B5:B104)) | C105: =IF((SUM(C5:C104))=0,"",SUM(C5:C104)) | D105: =IF((SUM(D5:D104))=0,"",SUM(D5:D104)) | E105: =IF((SUM(E5:E104))=0,"",SUM(E5:E104)) | F105: =IF((SUM(F5:F104))=0,"",SUM(F5:F104)) | G105: =IF((SUM(G5:G104))=0,"",SUM(G5:G104)) | H105: =IF((SUM(H5:H104))=0,"",SUM(H5:H104)) | I105: =IF((SUM(I5:I104))=0,"",SUM(I5:I104)) | ... AP105: =IF((SUM(AP5:AP104))=0,"",SUM(AP5:AP104)) -> 60000 | AQ105: =IF(AP105="","",AP105/AR105) -> 1 | AR105: =IF((SUM(AR5:AR104))=0,"",SUM(AR5:AR104)) -> 60000 | AY105: Em feixe: ao ar livre ou sobre superfície; embutidos; em conduto fechado (métodos A a F) | AZ105: 1 | BA105: =INDEX(AGRUPAMENTO!C103:N107,MATCH(AY105,AGRUPAMENTO!B103:B107,0),MATCH(AZ105,AGRUPAMENTO!C102:N102,0)) -> #N/A | BB105: NÃO SUBTERRÂNEA | BC105: 30 | BD105: =IF(BB105="SUBTERRÂNEA",IF(AV105="PVC",VLOOKUP(BC105,TEMPERATURA!G102:H116,2,0),VLOOKUP(BC105,TEMPERATURA!G102:I116,3,0)),IF(AV105="PVC",VLOOKUP(BC105,TEMPERATURA!B102:C116,2,0),VLOOKUP(BC105,TEMPERATURA!B102:D116,3,0))) -> #N/A | BE105: =IF( AP105="", "", _xlfn.IFS( $BI$111="127/220", IF( BH105=1, 127, IF( BH105=2, ROUND(127*SQRT(3),0), IF( BH105=3, ROUND(127*SQRT(3),0), "" ) ) ), $BI$111="220/380", IF( BH105=1, 220, IF( BH105=2, ROUND(220*SQRT(3),0)-1, IF( BH105=3, ROUND(220*SQRT(3),0)-1, "" ) ) ), $BI$111="254/440", IF( BH105=1, 254, IF( BH105=2, ROUND(254*SQRT(3),0), IF( BH105=3, ROUND(254*SQRT(3),0), "" ) ) ) ) ) -> 220 | BF105: =IF(SUM(AR105:BE105)=0,"",ROUND(BP107/IF(BH105=1,127,IF(BH105=2,220,IF(BH105=3,381,""))),1)) -> #N/A | BG105: =(BF105*AX105)/(BD105*BA105) -> #N/A | BH105: =IF(COUNTA(BJ105:BL105)=0,"",COUNTA(BJ105:BL105)) -> 2 | BI105: =IF(AR105="","",VLOOKUP($BF$105,DISJUNTORES!$B:$C,2,1)) -> #N/A | BJ105: x | BK105: x | BM105: =IF(SUM(BM5:BM104)=0,"",SUM(BM5:BM104)) -> #VALUE! | BN105: =IF(SUM(BN5:BN104)=0,"",SUM(BN5:BN104)) | BO105: =IF(SUM(BO5:BO104)=0,"",SUM(BO5:BO104)) | BP105: =IF(MAX(BJ107:BL110)=0,"",MAX(BJ107:BL110)) | BT105: GERAL
A106: QUEDA DE TENSÃO MÁXIMA ADIMITIDA PARA ALIMENTAÇÃO = 2%; QUEDA DE TENSÃO MÁXIMA ADIMITIDA PARA CIRCÚITOS = 4%; CABOS ALIMENTADORES E CIRCUITOS TRIFÁSICOS POSSUEM ISOLAMENTO 0,6/1,0KV EPR OU XLPE 90ºC; CABOS DE DISTRIBUIÇÃO DOS CIRCUITOS POSSUEM ISOLAMENTO 450/750V PVC 70ºC. | BE106: DESVIO ENTRE FASES (%): | BI106: =IFERROR((MAX(BM105:BO105)-MIN(BM105:BO105))/MIN(BM105:BO105),"") | BJ106: =IF(COUNTA(BJ5:BJ104)=0,"",COUNTA(BJ5:BJ104)) -> 7 | BK106: =IF(COUNTA(BK5:BK104)=0,"",COUNTA(BK5:BK104)) | BL106: =IF(COUNTA(BL5:BL104)=0,"",COUNTA(BL5:BL104)) | BM106: CARGA RESERVA (VA): | BP106: =COUNTIF(BT5:BT104,"RESERVA")*1000 -> 0
BE107: FATOR DE DEMANDA (%): | BI107: 1 | BJ107: =IFERROR(IF(IF(BI108="A1",VLOOKUP(BI105*1.1,'CAP CONDUÇÃO 90º'!$C:$U,19,1),IF(BI108="A2",VLOOKUP(BI105*1.1,'CAP CONDUÇÃO 90º'!$E:$U,17,1),IF(BI108="B1",VLOOKUP(BI105*1.1,'CAP CONDUÇÃO 90º'!$G:$U,15,1),IF(BI108="B2",VLOOKUP(BI105*1.1,'CAP CONDUÇÃO 90º'!$I:$U,13,1),IF(BI108="C",VLOOKUP(BI105*1.1,'CAP CONDUÇÃO 90º'!$K:$U,11,1),IF(BI108="D",VLOOKUP(BI105*1.1,'CAP CONDUÇÃO 90º'!$M:$U,9,1),IF(BI108="E",VLOOKUP(BI105*1.1,'CAP CONDUÇÃO 90º'!$O:$U,7,1),IF(BI108="F",VLOOKUP(BI105*1.1,'CAP CONDUÇÃO 90º'!$R:$U,4,1),IF(BI108="G",VLOOKUP(BI105*1.1,'CAP CONDUÇÃO 90º'!$S:$U,3,1),"")))))))))<2.5,2.5,IF(BI108="A1",VLOOKUP(BI105*1.1,'CAP CONDUÇÃO 90º'!$C:$U,19,1),IF(BI108="A2",VLOOKUP(BI105*1.1,'CAP CONDUÇÃO 90º'!$E:$U,17,1),IF(BI108="B1",VLOOKUP(BI105*1.1,'CAP CONDUÇÃO 90º'!$G:$U,15,1),IF(BI108="B2",VLOOKUP(BI105*1.1,'CAP CONDUÇÃO 90º'!$I:$U,13,1),IF(BI108="C",VLOOKUP(BI105*1.1,'CAP CONDUÇÃO 90º'!$K:$U,11,1),IF(BI108="D",VLOOKUP(BI105*1.1,'CAP CONDUÇÃO 90º'!$M:$U,9,1),IF(BI108="E",VLOOKUP(BI105*1.1,'CAP CONDUÇÃO 90º'!$O:$U,7,1),IF(BI108="F",VLOOKUP(BI105*1.1,'CAP CONDUÇÃO 90º'!$R:$U,4,1),IF(BI108="G",VLOOKUP(BI105*1.1,'CAP CONDUÇÃO 90º'!$S:$U,3,1),"")))))))))),"") | BK107: =IFERROR(IF(BJ108>BI110,IF(IF(BI108="A1",VLOOKUP(BI105*1.1,'CAP CONDUÇÃO 90º'!$C:$V,20,1),IF(BI108="A2",VLOOKUP(BI105*1.1,'CAP CONDUÇÃO 90º'!$E:$V,18,1),IF(BI108="B1",VLOOKUP(BI105*1.1,'CAP CONDUÇÃO 90º'!$G:$V,16,1),IF(BI108="B2",VLOOKUP(BI105*1.1,'CAP CONDUÇÃO 90º'!$I:$V,14,1),IF(BI108="C",VLOOKUP(BI105*1.1,'CAP CONDUÇÃO 90º'!$K:$V,12,1),IF(BI108="D",VLOOKUP(BI105*1.1,'CAP CONDUÇÃO 90º'!$M:$V,10,1),IF(BI108="E",VLOOKUP(BI105*1.1,'CAP CONDUÇÃO 90º'!$O:$V,8,1),IF(BI108="F",VLOOKUP(BI105*1.1,'CAP CONDUÇÃO 90º'!$R:$V,5,1),IF(BI108="G",VLOOKUP(BI105*1.1,'CAP CONDUÇÃO 90º'!$S:$V,4,1),"")))))))))<2.5,2.5,IF(BI108="A1",VLOOKUP(BI105*1.1,'CAP CONDUÇÃO 90º'!$C:$V,20,1),IF(BI108="A2",VLOOKUP(BI105*1.1,'CAP CONDUÇÃO 90º'!$E:$V,18,1),IF(BI108="B1",VLOOKUP(BI105*1.1,'CAP CONDUÇÃO 90º'!$G:$V,16,1),IF(BI108="B2",VLOOKUP(BI105*1.1,'CAP CONDUÇÃO 90º'!$I:$V,14,1),IF(BI108="C",VLOOKUP(BI105*1.1,'CAP CONDUÇÃO 90º'!$K:$V,12,1),IF(BI108="D",VLOOKUP(BI105*1.1,'CAP CONDUÇÃO 90º'!$M:$V,10,1),IF(BI108="E",VLOOKUP(BI105*1.1,'CAP CONDUÇÃO 90º'!$O:$V,8,1),IF(BI108="F",VLOOKUP(BI105*1.1,'CAP CONDUÇÃO 90º'!$R:$V,5,1),IF(BI108="G",VLOOKUP(BI105*1.1,'CAP CONDUÇÃO 90º'!$S:$V,4,1),"")))))))))),BJ107),"") | BL107: =IFERROR(IF(BK108>BI110,IF(IF(BI108="A1",VLOOKUP(BI105*1.1,'CAP CONDUÇÃO 90º'!$C:$W,21,1),IF(BI108="A2",VLOOKUP(BI105*1.1,'CAP CONDUÇÃO 90º'!$E:$W,19,1),IF(BI108="B1",VLOOKUP(BI105*1.1,'CAP CONDUÇÃO 90º'!$G:$W,17,1),IF(BI108="B2",VLOOKUP(BI105*1.1,'CAP CONDUÇÃO 90º'!$I:$W,15,1),IF(BI108="C",VLOOKUP(BI105*1.1,'CAP CONDUÇÃO 90º'!$K:$W,13,1),IF(BI108="D",VLOOKUP(BI105*1.1,'CAP CONDUÇÃO 90º'!$M:$W,11,1),IF(BI108="E",VLOOKUP(BI105*1.1,'CAP CONDUÇÃO 90º'!$O:$W,9,1),IF(BI108="F",VLOOKUP(BI105*1.1,'CAP CONDUÇÃO 90º'!$R:$W,6,1),IF(BI108="G",VLOOKUP(BI105*1.1,'CAP CONDUÇÃO 90º'!$S:$W,5,1),"")))))))))<2.5,2.5,IF(BI108="A1",VLOOKUP(BI105*1.1,'CAP CONDUÇÃO 90º'!$C:$W,21,1),IF(BI108="A2",VLOOKUP(BI105*1.1,'CAP CONDUÇÃO 90º'!$E:$W,19,1),IF(BI108="B1",VLOOKUP(BI105*1.1,'CAP CONDUÇÃO 90º'!$G:$W,17,1),IF(BI108="B2",VLOOKUP(BI105*1.1,'CAP CONDUÇÃO 90º'!$I:$W,15,1),IF(BI108="C",VLOOKUP(BI105*1.1,'CAP CONDUÇÃO 90º'!$K:$W,13,1),IF(BI108="D",VLOOKUP(BI105*1.1,'CAP CONDUÇÃO 90º'!$M:$W,11,1),IF(BI108="E",VLOOKUP(BI105*1.1,'CAP CONDUÇÃO 90º'!$O:$W,9,1),IF(BI108="F",VLOOKUP(BI105*1.1,'CAP CONDUÇÃO 90º'!$R:$W,6,1),IF(BI108="G",VLOOKUP(BI105*1.1,'CAP CONDUÇÃO 90º'!$S:$W,5,1),"")))))))))),BK107),"") | BM107: CARGA DEMANDADA (VA): | BP107: =IFERROR((AR105+BP106)*BI107,"") -> 60000
BE108: MÉTODO DE INSTALAÇÃO: | BI108: f | BJ108: =IFERROR(100*SQRT(3)*$BI$109*$BF$105*(1/56)/($BJ$107*$BE$105),"") | BK108: =IFERROR(100*SQRT(3)*$BI$109*$BF$105*(1/56)/($BK$107*$BE$105),"") | BL108: =IFERROR(100*SQRT(3)*$BI$109*$BF$105*(1/56)/($BL$107*$BE$105),"") | BM108: ALIMENTADOR (mm²): | BP108: =IFERROR(IF(BP105="","","3F#"&BP105&"mm²+N"&VLOOKUP($BP$105,NEUTRO!$A:$B,2,0)&"mm²+T"&VLOOKUP($BP$105,TERRA!$A:$B,2,0)&"mm²"),"")
BE109: COMPRIMENTO (m): | BI109: 140 | BJ109: =IFERROR(IF(BL108>BI110,IF(IF(BI108="A1",VLOOKUP(BI105*1.1,'CAP CONDUÇÃO 90º'!$C:$Z,22,1),IF(BI108="A2",VLOOKUP(BI105*1.1,'CAP CONDUÇÃO 90º'!$E:$Z,20,1),IF(BI108="B1",VLOOKUP(BI105*1.1,'CAP CONDUÇÃO 90º'!$G:$Z,18,1),IF(BI108="B2",VLOOKUP(BI105*1.1,'CAP CONDUÇÃO 90º'!$I:$Z,16,1),IF(BI108="C",VLOOKUP(BI105*1.1,'CAP CONDUÇÃO 90º'!$K:$Z,14,1),IF(BI108="D",VLOOKUP(BI105*1.1,'CAP CONDUÇÃO 90º'!$M:$Z,12,1),IF(BI108="E",VLOOKUP(BI105*1.1,'CAP CONDUÇÃO 90º'!$O:$Z,10,1),IF(BI108="F",VLOOKUP(BI105*1.1,'CAP CONDUÇÃO 90º'!$R:$Z,7,1),IF(BI108="G",VLOOKUP(BI105*1.1,'CAP CONDUÇÃO 90º'!$S:$Z,6,1),"")))))))))<2.5,2.5,IF(BI108="A1",VLOOKUP(BI105*1.1,'CAP CONDUÇÃO 90º'!$C:$Z,22,1),IF(BI108="A2",VLOOKUP(BI105*1.1,'CAP CONDUÇÃO 90º'!$E:$Z,20,1),IF(BI108="B1",VLOOKUP(BI105*1.1,'CAP CONDUÇÃO 90º'!$G:$Z,18,1),IF(BI108="B2",VLOOKUP(BI105*1.1,'CAP CONDUÇÃO 90º'!$I:$Z,16,1),IF(BI108="C",VLOOKUP(BI105*1.1,'CAP CONDUÇÃO 90º'!$K:$Z,14,1),IF(BI108="D",VLOOKUP(BI105*1.1,'CAP CONDUÇÃO 90º'!$M:$Z,12,1),IF(BI108="E",VLOOKUP(BI105*1.1,'CAP CONDUÇÃO 90º'!$O:$Z,10,1),IF(BI108="F",VLOOKUP(BI105*1.1,'CAP CONDUÇÃO 90º'!$R:$Z,7,1),IF(BI108="G",VLOOKUP(BI105*1.1,'CAP CONDUÇÃO 90º'!$S:$Z,5,1),"")))))))))),BL107),"") | BK109: =IFERROR(IF(BJ110>BI110,IF(IF(BI108="A1",VLOOKUP(BI105*1.1,'CAP CONDUÇÃO 90º'!$C:$Z,23,1),IF(BI108="A2",VLOOKUP(BI105*1.1,'CAP CONDUÇÃO 90º'!$E:$Z,21,1),IF(BI108="B1",VLOOKUP(BI105*1.1,'CAP CONDUÇÃO 90º'!$G:$Z,19,1),IF(BI108="B2",VLOOKUP(BI105*1.1,'CAP CONDUÇÃO 90º'!$I:$Z,17,1),IF(BI108="C",VLOOKUP(BI105*1.1,'CAP CONDUÇÃO 90º'!$K:$Z,15,1),IF(BI108="D",VLOOKUP(BI105*1.1,'CAP CONDUÇÃO 90º'!$M:$Z,13,1),IF(BI108="E",VLOOKUP(BI105*1.1,'CAP CONDUÇÃO 90º'!$O:$Z,11,1),IF(BI108="F",VLOOKUP(BI105*1.1,'CAP CONDUÇÃO 90º'!$R:$Z,8,1),IF(BI108="G",VLOOKUP(BI105*1.1,'CAP CONDUÇÃO 90º'!$S:$Z,7,1),"")))))))))<2.5,2.5,IF(BI108="A1",VLOOKUP(BI105*1.1,'CAP CONDUÇÃO 90º'!$C:$Z,23,1),IF(BI108="A2",VLOOKUP(BI105*1.1,'CAP CONDUÇÃO 90º'!$E:$Z,21,1),IF(BI108="B1",VLOOKUP(BI105*1.1,'CAP CONDUÇÃO 90º'!$G:$Z,19,1),IF(BI108="B2",VLOOKUP(BI105*1.1,'CAP CONDUÇÃO 90º'!$I:$Z,17,1),IF(BI108="C",VLOOKUP(BI105*1.1,'CAP CONDUÇÃO 90º'!$K:$Z,15,1),IF(BI108="D",VLOOKUP(BI105*1.1,'CAP CONDUÇÃO 90º'!$M:$Z,13,1),IF(BI108="E",VLOOKUP(BI105*1.1,'CAP CONDUÇÃO 90º'!$O:$Z,11,1),IF(BI108="F",VLOOKUP(BI105*1.1,'CAP CONDUÇÃO 90º'!$R:$Z,8,1),IF(BI108="G",VLOOKUP(BI105*1.1,'CAP CONDUÇÃO 90º'!$S:$Z,6,1),"")))))))))),BJ109),"") | BL109: =IFERROR(IF(BL108>BI110,IF(IF(BI108="A1",VLOOKUP(BI105*1.1,'CAP CONDUÇÃO 90º'!$C:$Z,24,1),IF(BI108="A2",VLOOKUP(BI105*1.1,'CAP CONDUÇÃO 90º'!$E:$Z,22,1),IF(BI108="B1",VLOOKUP(BI105*1.1,'CAP CONDUÇÃO 90º'!$G:$Z,20,1),IF(BI108="B2",VLOOKUP(BI105*1.1,'CAP CONDUÇÃO 90º'!$I:$Z,18,1),IF(BI108="C",VLOOKUP(BI105*1.1,'CAP CONDUÇÃO 90º'!$K:$Z,16,1),IF(BI108="D",VLOOKUP(BI105*1.1,'CAP CONDUÇÃO 90º'!$M:$Z,14,1),IF(BI108="E",VLOOKUP(BI105*1.1,'CAP CONDUÇÃO 90º'!$O:$Z,12,1),IF(BI108="F",VLOOKUP(BI105*1.1,'CAP CONDUÇÃO 90º'!$R:$Z,9,1),IF(BI108="G",VLOOKUP(BI105*1.1,'CAP CONDUÇÃO 90º'!$S:$Z,8,1),"")))))))))<2.5,2.5,IF(BI108="A1",VLOOKUP(BI105*1.1,'CAP CONDUÇÃO 90º'!$C:$Z,24,1),IF(BI108="A2",VLOOKUP(BI105*1.1,'CAP CONDUÇÃO 90º'!$E:$Z,22,1),IF(BI108="B1",VLOOKUP(BI105*1.1,'CAP CONDUÇÃO 90º'!$G:$Z,20,1),IF(BI108="B2",VLOOKUP(BI105*1.1,'CAP CONDUÇÃO 90º'!$I:$Z,18,1),IF(BI108="C",VLOOKUP(BI105*1.1,'CAP CONDUÇÃO 90º'!$K:$Z,16,1),IF(BI108="D",VLOOKUP(BI105*1.1,'CAP CONDUÇÃO 90º'!$M:$Z,14,1),IF(BI108="E",VLOOKUP(BI105*1.1,'CAP CONDUÇÃO 90º'!$O:$Z,12,1),IF(BI108="F",VLOOKUP(BI105*1.1,'CAP CONDUÇÃO 90º'!$R:$Z,9,1),IF(BI108="G",VLOOKUP(BI105*1.1,'CAP CONDUÇÃO 90º'!$S:$Z,7,1),"")))))))))),BL107),"") | BM109: DISJUNTOR GERAL (A): | BP109: =IF(BH105&"P-"&BI105&"A"="P-A","",BH105&"P-"&BI105&"A") -> #N/A
BE110: QUEDA ADMISSÍVEL (%): | BI110: 2 | BJ110: =IFERROR(100*SQRT(3)*$BI$109*$BF$105*(1/56)/($BJ$109*$BE$105),"") | BK110: =IFERROR(100*SQRT(3)*$BI$109*$BF$105*(1/56)/($BK$109*$BE$105),"") | BL110: =IFERROR(100*SQRT(3)*$BI$109*$BF$105*(1/56)/($BL$109*$BE$105),"") | BM110: QUEDA CALCULADA (%): | BP110: =IF(MIN(BJ108:BL110)=0,"",MIN(BJ108:BL110))
BE111: SISTEMA DE TENSÃO (V): | BI111: 127/220

Sheet AGRUPAMENTO
A1: Ref. | B1: Forma de agrupamento dos condutores | C1: Número de circuitos ou de cabos multipolares | O1: Tabelas dos métodos de referência
C2: 1 | D2: 2 | E2: 3 | F2: 4 | G2: 5 | H2: 6 | I2: 7 | J2: 8 | K2: 9 a 11 | L2: 12 a 15 | M2: 16 a 19 | N2: ≥ 20
A3: 1 | B3: Em feixe: ao ar livre ou sobre superfície; embutidos; em conduto fechado (métodos A a F) | C3: 1 | D3: 0.8 | E3: 0.7 | F3: 0.65 | G3: 0.6 | H3: 0.57 | I3: 0.54 | J3: 0.52 | K3: 0.5 | L3: 0.45 | M3: 0.41 | N3: 0.38 | O3: 36 a 39 (métodos A a F)
A4: 2 | B4: Camada única sobre parede, piso, ou em bandeja não perfurada ou prateleira (método C) | C4: 1 | D4: 0.85 | E4: 0.79 | F4: 0.75 | G4: 0.73 | H4: 0.72 | I4: 0.72 | J4: 0.71 | K4: 0.7 | L4: 0.7 | M4: 0.7 | N4: 0.7 | O4: 36 a 37 (método C)
A5: 3 | B5: Camada única no teto (método C) | C5: 0.95 | D5: 0.81 | E5: 0.72 | F5: 0.68 | G5: 0.66 | H5: 0.64 | I5: 0.63 | J5: 0.62 | K5: 0.61 | L5: 0.61 | M5: 0.61 | N5: 0.61
A6: 4 | B6: Camada única em bandeja perfurada (métodos E e F) | C6: 1 | D6: 0.88 | E6: 0.82 | F6: 0.77 | G6: 0.75 | H6: 0.73 | I6: 0.73 | J6: 0.72 | K6: 0.72 | L6: 0.72 | M6: 0.72 | N6: 0.72 | O6: 38 e 39 (métodos E e F)
A7: 5 | B7: Camada única sobre leito, suporte etc. (métodos E e F) | C7: 1 | D7: 0.87 | E7: 0.82 | F7: 0.8 | G7: 0.8 | H7: 0.79 | I7: 0.79 | J7: 0.78 | K7: 0.78 | L7: 0.78 | M7: 0.78 | N7: 0.78

Sheet TEMPERATURA
A1: TIPO DA LINHA | B1: TEMPERATURA (°C) | C1: PVC | D1: EPR OU XLPE | F1: TIPO DA LINHA | G1: TEMPERATURA (°C) | H1: PVC | I1: EPR OU XLPE
A2: Não-subterrânea | B2: 10 | C2: 1.22 | D2: 1.15 | F2: Subterrânea | G2: 10 | H2: 1.1 | I2: 1.07
B3: 15 | C3: 1.17 | D3: 1.12 | G3: 15 | H3: 1.05 | I3: 1.04
B4: 20 | C4: 1.12 | D4: 1.08 | G4: 20 | H4: 1 | I4: 1
B5: 25 | C5: 1.06 | D5: 1.04 | G5: 25 | H5: 0.95 | I5: 0.96
B6: 30 | C6: 1 | D6: 1 | G6: 30 | H6: 0.89 | I6: 0.93
B7: 35 | C7: 0.94 | D7: 0.96 | G7: 35 | H7: 0.84 | I7: 0.89
B8: 40 | C8: 0.87 | D8: 0.91 | G8: 40 | H8: 0.77 | I8: 0.85
B9: 45 | C9: 0.79 | D9: 0.87 | G9: 45 | H9: 0.71 | I9: 0.8
B10: 50 | C10: 0.71 | D10: 0.82 | G10: 50 | H10: 0.63 | I10: 0.76
B11: 55 | C11: 0.61 | D11: 0.76 | G11: 55 | H11: 0.55 | I11: 0.71
B12: 60 | C12: 0.5 | D12: 0.71 | G12: 60 | H12: 0.45 | I12: 0.65
B13: 65 | C13: - | D13: 0.65 | G13: 65 | H13: - | I13: 0.6
B14: 70 | C14: - | D14: 0.58 | G14: 70 | H14: - | I14: 0.53
B15: 75 | C15: - | D15: 0.5 | G15: 75 | H15: - | I15: 0.46
B16: 80 | C16: - | D16: 0.41 | G16: 80 | H16: - | I16: 0.38

Sheet DISJUNTORES
B1: LIM. INFERIOR | C1: NOMINAL (A) | D1: 80% (A)
A2: MINI-DISJUNTOR | B2: 0 | C2: 6 | D2: =C2*0.8 -> 4.8
B3: =D2 -> 4.8 | C3: 10 | D3: =C3*0.8 -> 8
B4: =D3 -> 8 | C4: 13 | D4: =C4*0.8 -> 10.4
B5: =D4 -> 10.4 | C5: 16 | D5: =C5*0.8 -> 12.8
B6: =D5 -> 12.8 | C6: 20 | D6: =C6*0.8 -> 16
B7: =D6 -> 16 | C7: 25 | D7: =C7*0.8 -> 20
B8: =D7 -> 20 | C8: 32 | D8: =C8*0.8 -> 25.6
B9: =D8 -> 25.6 | C9: 40 | D9: =C9*0.8 -> 32
B10: =D9 -> 32 | C10: 50 | D10: =C10*0.8 -> 40
B11: =D10 -> 40 | C11: 63 | D11: =C11*0.8 -> 50.4
B12: =D11 -> 50.4 | C12: 80 | D12: =C12*0.8 -> 64
B13: =D12 -> 64 | C13: 100 | D13: =C13*0.8 -> 80
B14: =D13 -> 80 | C14: 125 | D14: =C14*0.8 -> 100
A15: CAIXA MOLDADA | B15: =D14 -> 100 | C15: 150 | D15: =C15*0.8 -> 120
B16: =D15 -> 120 | C16: 175 | D16: =C16*0.8 -> 140
B17: =D16 -> 140 | C17: 200 | D17: =C17*0.8 -> 160
B18: =D17 -> 160 | C18: 225 | D18: =C18*0.8 -> 180
B19: =D18 -> 180 | C19: 250 | D19: =C19*0.8 -> 200
B20: =D19 -> 200 | C20: 300 | D20: =C20*0.8 -> 240
B21: =D20 -> 240 | C21: 350 | D21: =C21*0.8 -> 280
B22: =D21 -> 280 | C22: 400 | D22: =C22*0.8 -> 320
B23: =D22 -> 320 | C23: 450 | D23: =C23*0.8 -> 360
B24: =D23 -> 360 | C24: 500 | D24: =C24*0.8 -> 400
B25: =D24 -> 400 | C25: 600 | D25: =C25*0.8 -> 480
B26: =D25 -> 480 | C26: 800 | D26: =C26*0.8 -> 640
B27: =D26 -> 640 | C27: 1000 | D27: =C27*0.8 -> 800
... B30: =D29 -> 1280 | C30: 2000 | D30: =C30*0.8 -> 1600

Sheet CAP CONDUÇÃO 70º
A1: SEÇÕES NOMINAIS (mm²) | B1: CAPACIDADE DE CONDUÇÃO (CONDUTORES DE COBRE, ISOLANTE EM PVC 70ºC) | W1: SEÇÕES NOMINAIS (mm²) | X1: A1 - 2 | Y1: A1 - 3 | Z1: A2 - 2 | AA1: A2 - 3 | AB1: B1 - 2 | AC1: B1 - 3 | AD1: B2 - 2 | AE1: B2 - 3 | AF1: C - 2 | AG1: C - 3 | AH1: D - 2 | AI1: D - 3 | AJ1: E - 2 | AK1: E - 3 | AL1: F - 2 | AM1: F - 3TRI | AN1: F - 3JUST | AO1: G - 3HOR | AP1: G - 3VER
B2: A1 | D2: A2 | F2: B1 | H2: B2 | J2: C | L2: D | N2: E | P2: F | S2: G | W2: 0.5 | X2: 7 | Y2: 7 | Z2: 7 | AA2: 7 | AB2: 9 | AC2: 8 | AD2: 9 | AE2: 8 | AF2: 10 | AG2: 9 | AH2: 12 | AI2: 10 | AJ2: 11 | AK2: 9 | AL2: 11 | AM2: 8 | AN2: 9 | AO2: 12 | AP2: 10
B3: 2 | C3: 3 | D3: 2 | E3: 3 | F3: 2 | G3: 3 | H3: 2 | I3: 3 | J3: 2 | K3: 3 | L3: 2 | M3: 3 | N3: 2 | O3: 3 | P3: 2 | Q3: 3 TRI | R3: 3 JUST | S3: 3 HOR | T3: 3 VER | W3: 0.75 | X3: 9 | Y3: 9 | Z3: 9 | AA3: 9 | AB3: 11 | AC3: 10 | AD3: 11 | AE3: 10 | AF3: 13 | AG3: 11 | AH3: 15 | AI3: 12 | AJ3: 14 | AK3: 12 | AL3: 14 | AM3: 11 | AN3: 11 | AO3: 16 | AP3: 13
A4: 0.5 | B4: 7 | C4: 7 | D4: 7 | E4: 7 | F4: 9 | G4: 8 | H4: 9 | I4: 8 | J4: 10 | K4: 9 | L4: 12 | M4: 10 | N4: 11 | O4: 9 | P4: 11 | Q4: 8 | R4: 9 | S4: 12 | T4: 10 | W4: 1 | X4: 11 | Y4: 10 | Z4: 11 | AA4: 10 | AB4: 14 | AC4: 12 | AD4: 13 | AE4: 12 | AF4: 15 | AG4: 14 | AH4: 18 | AI4: 15 | AJ4: 17 | AK4: 14 | AL4: 17 | AM4: 13 | AN4: 14 | AO4: 19 | AP4: 16
A5: 0.75 | B5: 9 | C5: 9 | D5: 9 | E5: 9 | F5: 11 | G5: 10 | H5: 11 | I5: 10 | J5: 13 | K5: 11 | L5: 15 | M5: 12 | N5: 14 | O5: 12 | P5: 14 | Q5: 11 | R5: 11 | S5: 16 | T5: 13 | W5: 1.5 | X5: 14.5 | Y5: 13.5 | Z5: 14 | AA5: 13 | AB5: 17.5 | AC5: 15.5 | AD5: 16.5 | AE5: 15 | AF5: 19.5 | AG5: 17.5 | AH5: 22 | AI5: 18 | AJ5: 22 | AK5: 18.5 | AL5: 22 | AM5: 17 | AN5: 18 | AO5: 24 | AP5: 21
A6: 1 | B6: 11 | C6: 10 | D6: 11 | E6: 10 | F6: 14 | G6: 12 | H6: 13 | I6: 12 | J6: 15 | K6: 14 | L6: 18 | M6: 15 | N6: 17 | O6: 14 | P6: 17 | Q6: 13 | R6: 14 | S6: 19 | T6: 16 | W6: 2.5 | X6: 19.5 | Y6: 18 | Z6: 18.5 | AA6: 17.5 | AB6: 24 | AC6: 21 | AD6: 23 | AE6: 20 | AF6: 27 | AG6: 24 | AH6: 29 | AI6: 24 | AJ6: 30 | AK6: 25 | AL6: 31 | AM6: 24 | AN6: 25 | AO6: 34 | AP6: 29
A7: 1.5 | B7: 14.5 | C7: 13.5 | D7: 14 | E7: 13 | F7: 17.5 | G7: 15.5 | H7: 16.5 | I7: 15 | J7: 19.5 | K7: 17.5 | L7: 22 | M7: 18 | N7: 22 | O7: 18.5 | P7: 22 | Q7: 17 | R7: 18 | S7: 24 | T7: 21 | W7: 4 | X7: 26 | Y7: 24 | Z7: 25 | AA7: 23 | AB7: 32 | AC7: 28 | AD7: 30 | AE7: 27 | AF7: 36 | AG7: 32 | AH7: 38 | AI7: 31 | AJ7: 40 | AK7: 34 | AL7: 41 | AM7: 33 | AN7: 34 | AO7: 45 | AP7: 39
A8: 2.5 | B8: 19.5 | C8: 18 | D8: 18.5 | E8: 17.5 | F8: 24 | G8: 21 | H8: 23 | I8: 20 | J8: 27 | K8: 24 | L8: 29 | M8: 24 | N8: 30 | O8: 25 | P8: 31 | Q8: 24 | R8: 25 | S8: 34 | T8: 29 | W8: 6 | X8: 34 | Y8: 31 | Z8: 32 | AA8: 29 | AB8: 41 | AC8: 36 | AD8: 38 | AE8: 34 | AF8: 46 | AG8: 41 | AH8: 47 | AI8: 39 | AJ8: 51 | AK8: 43 | AL8: 53 | AM8: 43 | AN8: 45 | AO8: 59 | AP8: 51
A9: 4 | B9: 26 | C9: 24 | D9: 25 | E9: 23 | F9: 32 | G9: 28 | H9: 30 | I9: 27 | J9: 36 | K9: 32 | L9: 38 | M9: 31 | N9: 40 | O9: 34 | P9: 41 | Q9: 33 | R9: 34 | S9: 45 | T9: 39 | W9: 10 | X9: 46 | Y9: 42 | Z9: 43 | AA9: 39 | AB9: 57 | AC9: 50 | AD9: 52 | AE9: 46 | AF9: 63 | AG9: 57 | AH9: 63 | AI9: 52 | AJ9: 70 | AK9: 60 | AL9: 73 | AM9: 60 | AN9: 63 | AO9: 81 | AP9: 71
A10: 6 | B10: 34 | C10: 31 | D10: 32 | E10: 29 | F10: 41 | G10: 36 | H10: 38 | I10: 34 | J10: 46 | K10: 41 | L10: 47 | M10: 39 | N10: 51 | O10: 43 | P10: 53 | Q10: 43 | R10: 45 | S10: 59 | T10: 51 | W10: 16 | X10: 61 | Y10: 56 | Z10: 57 | AA10: 52 | AB10: 76 | AC10: 68 | AD10: 69 | AE10: 62 | AF10: 85 | AG10: 76 | AH10: 81 | AI10: 67 | AJ10: 94 | AK10: 80 | AL10: 99 | AM10: 82 | AN10: 85 | AO10: 110 | AP10: 97
A11: 10 | B11: 46 | C11: 42 | D11: 43 | E11: 39 | F11: 57 | G11: 50 | H11: 52 | I11: 46 | J11: 63 | K11: 57 | L11: 63 | M11: 52 | N11: 70 | O11: 60 | P11: 73 | Q11: 60 | R11: 63 | S11: 81 | T11: 71 | W11: 25 | X11: 80 | Y11: 73 | Z11: 75 | AA11: 68 | AB11: 101 | AC11: 89 | AD11: 90 | AE11: 80 | AF11: 112 | AG11: 96 | AH11: 104 | AI11: 86 | AJ11: 119 | AK11: 101 | AL11: 131 | AM11: 110 | AN11: 114 | AO11: 146 | AP11: 130
A12: 16 | B12: 61 | C12: 56 | D12: 57 | E12: 52 | F12: 76 | G12: 68 | H12: 69 | I12: 62 | J12: 85 | K12: 76 | L12: 81 | M12: 67 | N12: 94 | O12: 80 | P12: 99 | Q12: 82 | R12: 85 | S12: 110 | T12: 97 | W12: 35 | X12: 99 | Y12: 89 | Z12: 92 | AA12: 83 | AB12: 125 | AC12: 110 | AD12: 11 | AE12: 99 | AF12: 138 | AG12: 119 | AH12: 125 | AI12: 103 | AJ12: 148 | AK12: 126 | AL12: 162 | AM12: 137 | AN12: 143 | AO12: 181 | AP12: 162
A13: 25 | B13: 80 | C13: 73 | D13: 75 | E13: 68 | F13: 101 | G13: 89 | H13: 90 | I13: 80 | J13: 112 | K13: 96 | L13: 104 | M13: 86 | N13: 119 | O13: 101 | P13: 131 | Q13: 110 | R13: 114 | S13: 146 | T13: 130 | W13: 50 | X13: 119 | Y13: 108 | Z13: 110 | AA13: 99 | AB13: 151 | AC13: 134 | AD13: 133 | AE13: 118 | AF13: 168 | AG13: 144 | AH13: 148 | AI13: 122 | AJ13: 180 | AK13: 153 | AL13: 196 | AM13: 167 | AN13: 174 | AO13: 219 | AP13: 197
A14: 35 | B14: 99 | C14: 89 | D14: 92 | E14: 83 | F14: 125 | G14: 110 | H14: 11 | I14: 99 | J14: 138 | K14: 119 | L14: 125 | M14: 103 | N14: 148 | O14: 126 | P14: 162 | Q14: 137 | R14: 143 | S14: 181 | T14: 162 | W14: 70 | X14: 151 | Y14: 136 | Z14: 139 | AA14: 125 | AB14: 192 | AC14: 171 | AD14: 168 | AE14: 149 | AF14: 213 | AG14: 184 | AH14: 193 | AI14: 151 | AJ14: 232 | AK14: 196 | AL14: 251 | AM14: 216 | AN14: 225 | AO14: 281 | AP14: 254
A15: 50 | B15: 119 | C15: 108 | D15: 110 | E15: 99 | F15: 151 | G15: 134 | H15: 133 | I15: 118 | J15: 168 | K15: 144 | L15: 148 | M15: 122 | N15: 180 | O15: 153 | P15: 196 | Q15: 167 | R15: 174 | S15: 219 | T15: 197 | W15: 95 | X15: 182 | Y15: 164 | Z15: 167 | AA15: 150 | AB15: 232 | AC15: 207 | AD15: 201 | AE15: 179 | AF15: 258 | AG15: 223 | AH15: 216 | AI15: 179 | AJ15: 282 | AK15: 238 | AL15: 304 | AM15: 264 | AN15: 275 | AO15: 341 | AP15: 311
... A25: 630 | B25: 578 | C25: 514 | D25: 526 | E25: 467 | F25: 458 | G25: 678 | H25: 626 | I25: 559 | J25: 843 | K25: 743 | L25: 614 | M25: 506 | N25: 958 | O25: 798 | P25: 1005 | Q25: 855 | R25: 905 | S25: 1138 | T25: 1070 | W25: 1000 | X25: 767 | Y25: 679 | Z25: 698 | AA25: 618 | AB25: 1012 | AC25: 906 | AD25: 827 | AE25: 738 | AF25: 1125 | AG25: 996 | AH25: 792 | AI25: 652 | AJ25: 1292 | AK25: 1073 | AL25: 1346 | AM25: 1079 | AN25: 1296 | AO25: 1528 | AP25: 1448
A26: 800 | B26: 669 | C26: 593 | D26: 609 | E26: 540 | F26: 881 | G26: 788 | H26: 723 | I26: 645 | J26: 978 | K26: 865 | L26: 700 | M26: 577 | N26: 1118 | O26: 930 | P26: 1169 | Q26: 971 | R26: 1119 | S26: 1325 | T26: 1251
A27: 1000 | B27: 767 | C27: 679 | D27: 698 | E27: 618 | F27: 1012 | G27: 906 | H27: 827 | I27: 738 | J27: 1125 | K27: 996 | L27: 792 | M27: 652 | N27: 1292 | O27: 1073 | P27: 1346 | Q27: 1079 | R27: 1296 | S27: 1528 | T27: 1448

Sheet CAP CONDUÇÃO 90º
A1: SEÇÕES NOMINAIS (mm²) | B1: CAPACIDADE DE CONDUÇÃO (CONDUTORES DE COBRE, ISOLANTE EM EPR OU XLPE 90ºC) | U1: LIM. INFERIOR | V1: LIM. INFERIOR | W1: LIM. INFERIOR | X1: LIM. INFERIOR | Y1: LIM. INFERIOR | Z1: LIM. INFERIOR
B2: A1 | D2: A2 | F2: B1 | H2: B2 | J2: C | L2: D | N2: E | P2: F | S2: G
B3: 2 | C3: 3 | D3: 2 | E3: 3 | F3: 2 | G3: 3 | H3: 2 | I3: 3 | J3: 2 | K3: 3 | L3: 2 | M3: 3 | N3: 2 | O3: 3 | P3: 2 | Q3: 3 TRI | R3: 3 JUST | S3: 3 HOR | T3: 3 VER
A4: 0.5 | B4: 10 | C4: 9 | D4: 10 | E4: 9 | F4: 12 | G4: 10 | H4: 11 | I4: 10 | J4: 12 | K4: 11 | L4: 14 | M4: 12 | N4: 13 | O4: 12 | P4: 13 | Q4: 10 | R4: 10 | S4: 15 | T4: 12 | U4: 0.75 | V4: 1 | W4: 1.5 | X4: 2.5 | Y4: 4 | Z4: 6
A5: 0.75 | B5: 12 | C5: 11 | D5: 12 | E5: 11 | F5: 15 | G5: 13 | H5: 15 | I5: 13 | J5: 16 | K5: 14 | L5: 18 | M5: 15 | N5: 17 | O5: 15 | P5: 17 | Q5: 13 | R5: 14 | S5: 19 | T5: 16 | U5: 1 | V5: 1.5 | W5: 2.5 | X5: 4 | Y5: 6 | Z5: 10
A6: 1 | B6: 15 | C6: 13 | D6: 14 | E6: 13 | F6: 18 | G6: 16 | H6: 17 | I6: 15 | J6: 19 | K6: 17 | L6: 21 | M6: 17 | N6: 21 | O6: 18 | P6: 21 | Q6: 16 | R6: 17 | S6: 23 | T6: 19 | U6: 1.5 | V6: 2.5 | W6: 4 | X6: 6 | Y6: 10 | Z6: 16
A7: 1.5 | B7: 19 | C7: 17 | D7: 18.5 | E7: 16.5 | F7: 23 | G7: 20 | H7: 22 | I7: 19.5 | J7: 24 | K7: 22 | L7: 26 | M7: 22 | N7: 26 | O7: 23 | P7: 27 | Q7: 21 | R7: 22 | S7: 30 | T7: 25 | U7: 2.5 | V7: 4 | W7: 6 | X7: 10 | Y7: 16 | Z7: 25
A8: 2.5 | B8: 26 | C8: 23 | D8: 25 | E8: 22 | F8: 31 | G8: 28 | H8: 30 | I8: 26 | J8: 33 | K8: 30 | L8: 34 | M8: 29 | N8: 36 | O8: 32 | P8: 37 | Q8: 29 | R8: 30 | S8: 41 | T8: 35 | U8: 4 | V8: 6 | W8: 10 | X8: 16 | Y8: 25 | Z8: 35
A9: 4 | B9: 35 | C9: 31 | D9: 33 | E9: 30 | F9: 42 | G9: 37 | H9: 40 | I9: 35 | J9: 45 | K9: 40 | L9: 44 | M9: 37 | N9: 49 | O9: 42 | P9: 50 | Q9: 40 | R9: 42 | S9: 56 | T9: 48 | U9: 6 | V9: 10 | W9: 16 | X9: 25 | Y9: 35 | Z9: 50
A10: 6 | B10: 45 | C10: 40 | D10: 42 | E10: 38 | F10: 54 | G10: 48 | H10: 51 | I10: 44 | J10: 58 | K10: 52 | L10: 56 | M10: 46 | N10: 63 | O10: 54 | P10: 65 | Q10: 53 | R10: 55 | S10: 73 | T10: 63 | U10: 10 | V10: 16 | W10: 25 | X10: 35 | Y10: 50 | Z10: 70
A11: 10 | B11: 61 | C11: 54 | D11: 57 | E11: 51 | F11: 75 | G11: 66 | H11: 69 | I11: 60 | J11: 80 | K11: 71 | L11: 73 | M11: 61 | N11: 86 | O11: 75 | P11: 90 | Q11: 74 | R11: 77 | S11: 101 | T11: 88 | U11: 16 | V11: 25 | W11: 35 | X11: 50 | Y11: 70 | Z11: 95
A12: 16 | B12: 81 | C12: 73 | D12: 76 | E12: 68 | F12: 100 | G12: 88 | H12: 91 | I12: 80 | J12: 107 | K12: 96 | L12: 95 | M12: 79 | N12: 115 | O12: 100 | P12: 121 | Q12: 101 | R12: 105 | S12: 137 | T12: 120 | U12: 25 | V12: 35 | W12: 50 | X12: 70 | Y12: 95 | Z12: 120
A13: 25 | B13: 106 | C13: 95 | D13: 99 | E13: 89 | F13: 133 | G13: 117 | H13: 119 | I13: 105 | J13: 138 | K13: 119 | L13: 121 | M13: 101 | N13: 149 | O13: 127 | P13: 161 | Q13: 135 | R13: 141 | S13: 182 | T13: 161 | U13: 35 | V13: 50 | W13: 70 | X13: 95 | Y13: 120 | Z13: 150
A14: 35 | B14: 131 | C14: 117 | D14: 121 | E14: 109 | F14: 164 | G14: 144 | H14: 146 | I14: 128 | J14: 171 | K14: 147 | L14: 146 | M14: 122 | N14: 185 | O14: 158 | P14: 200 | Q14: 169 | R14: 176 | S14: 226 | T14: 201 | U14: 50 | V14: 70 | W14: 95 | X14: 120 | Y14: 150 | Z14: 185
A15: 50 | B15: 158 | C15: 141 | D15: 145 | E15: 130 | F15: 198 | G15: 175 | H15: 175 | I15: 154 | J15: 209 | K15: 179 | L15: 173 | M15: 144 | N15: 225 | O15: 192 | P15: 242 | Q15: 207 | R15: 216 | S15: 275 | T15: 246 | U15: 70 | V15: 95 | W15: 120 | X15: 150 | Y15: 185 | Z15: 240
... A21: 240 | B21: 424 | C21: 380 | D21: 386 | E21: 346 | F21: 546 | G21: 481 | H21: 462 | I21: 407 | J21: 599 | K21: 500 | L21: 419 | M21: 351 | N21: 641 | O21: 538 | P21: 679 | Q21: 607 | R21: 634 | S21: 781 | T21: 719 | U21: 300 | V21: 400 | W21: 500 | X21: 630 | Y21: 800 | Z21: 1000
A22: 300 | B22: 486 | C22: 435 | D22: 442 | E22: 396 | F22: 628 | G22: 553 | H22: 529 | I22: 465 | J22: 693 | K22: 576 | L22: 474 | M22: 396 | N22: 741 | O22: 621 | P22: 783 | Q22: 703 | R22: 736 | S22: 902 | T22: 833 | U22: 400 | V22: 500 | W22: 630 | X22: 800 | Y22: 1000
A23: 400 | B23: 579 | C23: 519 | D23: 527 | E23: 472 | F23: 751 | G23: 661 | H23: 628 | I23: 552 | J23: 835 | K23: 692 | L23: 555 | M23: 464 | N23: 892 | O23: 745 | P23: 940 | Q23: 823 | R23: 868 | S23: 1085 | T23: 1008 | U23: 500 | V23: 630 | W23: 800 | X23: 1000
A24: 500 | B24: 664 | C24: 595 | D24: 604 | E24: 541 | F24: 864 | G24: 760 | H24: 718 | I24: 631 | J24: 966 | K24: 797 | L24: 627 | M24: 525 | N24: 1030 | O24: 859 | P24: 1083 | Q24: 946 | R24: 998 | S24: 1253 | T24: 1169 | U24: 630 | V24: 800 | W24: 1000
A25: 630 | B25: 765 | C25: 685 | D25: 696 | E25: 623 | F25: 998 | G25: 879 | H25: 825 | I25: 725 | J25: 1122 | K25: 923 | L25: 711 | M25: 596 | N25: 1196 | O25: 995 | P25: 1254 | Q25: 1088 | R25: 1151 | S25: 1454 | T25: 1362 | U25: 800 | V25: 1000
A26: 800 | B26: 885 | C26: 792 | D26: 805 | E26: 721 | F26: 1158 | G26: 1020 | H26: 952 | I26: 837 | J26: 1311 | K26: 1074 | L26: 811 | M26: 679 | N26: 1396 | O26: 1159 | P26: 1460 | Q26: 1252 | R26: 1328 | S26: 1696 | T26: 1595 | U26: 1000
A27: 1000 | B27: 1014 | C27: 908 | D27: 923 | E27: 826 | F27: 1332 | G27: 1173 | H27: 1088 | I27: 957 | J27: 1515 | K27: 1237 | L27: 916 | M27: 767 | N27: 1613 | O27: 1336 | P27: 1683 | Q27: 1420 | R27: 1511 | S27: 1958 | T27: 1849

Sheet AWG
A1: Número AWG | B1: Diâmetro (mm) | C1: Secção (mm2) | D1: Número de espiras por cm | E1: Kg por Km | F1: Resistência (ohms/Km) | G1: Capacidade (A) | H1: EQUIVALÊNCIA 1,0KV (F) | I1: Capacidade (A)
A2: 1000 | H2: 1000 | I2: 1420
A3: 900 | H3: 800 | I3: 1252
A4: 800 | H4: 630 | I4: 1088
A5: 750 | H5: 500 | I5: 946
A6: 700 | H6: 400 | I6: 823
A7: 600 | H7: 300 | I7: 703
A8: 500 | G8: 552 | H8: 240 | I8: 607
A9: 400 | G9: 479 | H9: 185 | I9: 510
A10: 350 | G10: 438 | H10: 150 | I10: 444
A11: 300 | G11: 397 | H11: 150 | I11: 444
A12: 250 | G12: 351 | H12: 120 | I12: 383
A13: 0000 | B13: 11.86 | C13: 107.2 | F13: 0.158 | G13: 319 | H13: 95 | I13: 328
A14: 000 | B14: 10.4 | C14: 85.3 | F14: 0.197 | G14: 240 | H14: 70 | I14: 268
A15: 00 | B15: 9.226 | C15: 67.43 | F15: 0.252 | G15: 190 | H15: 50 | I15: 207
A16: 0 | B16: 8.252 | C16: 53.48 | F16: 0.317 | G16: 150 | H16: 35 | I16: 169
A17: 1 | B17: 7.348 | C17: 42.41 | E17: 375 | F17: 1.4 | G17: 120 | H17: 25 | I17: 135
A18: 2 | B18: 6.544 | C18: 33.63 | E18: 295 | F18: 1.5 | G18: 96 | H18: 16 | I18: 101
A19: 3 | B19: 5.827 | C19: 26.67 | E19: 237 | F19: 1.63 | G19: 78 | H19: 16 | I19: 101
A20: 4 | B20: 5.189 | C20: 21.15 | E20: 188 | F20: 0.8 | G20: 60 | H20: 10 | I20: 74
A21: 5 | B21: 4.621 | C21: 16.77 | E21: 149 | F21: 1.01 | G21: 48 | H21: 6 | I21: 53
A22: 6 | B22: 4.115 | C22: 13.3 | E22: 118 | F22: 1.27 | G22: 38 | H22: 4 | I22: 40
A23: 7 | B23: 3.665 | C23: 10.55 | E23: 94 | F23: 1.7 | G23: 30 | H23: 4 | I23: 40
A24: 8 | B24: 3.264 | C24: 8.36 | E24: 74 | F24: 2.03 | G24: 24 | H24: 2.5 | I24: 29
A25: 9 | B25: 2.906 | C25: 6.63 | E25: 58.9 | F25: 2.56 | G25: 19 | H25: 1.5 | I25: 21
A26: 10 | B26: 2.588 | C26: 5.26 | E26: 46.8 | F26: 3.23 | G26: 15 | H26: 1 | I26: 16
A27: 11 | B27: 2.305 | C27: 4.17 | E27: 32.1 | F27: 4.07 | G27: 12 | H27: 0.75 | I27: 13
A28: 12 | B28: 2.053 | C28: 3.31 | E28: 29.4 | F28: 5.13 | G28: 9.5 | H28: 0.5 | I28: 10
A29: 13 | B29: 1.828 | C29: 2.63 | E29: 23.3 | F29: 6.49 | G29: 7.5
A30: 14 | B30: 1.628 | C30: 2.08 | D30: 5.6 | E30: 18.5 | F30: 8.17 | G30: 6
A31: 15 | B31: 1.45 | C31: 1.65 | D31: 6.4 | E31: 14.7 | F31: 10.3 | G31: 4.8
A32: 16 | B32: 1.291 | C32: 1.31 | D32: 7.2 | E32: 11.6 | F32: 12.9 | G32: 3.7
A33: 17 | B33: 1.15 | C33: 1.04 | D33: 8.4 | E33: 9.26 | F33: 16.34 | G33: 3.2
A34: 18 | B34: 1.024 | C34: 0.82 | D34: 9.2 | E34: 7.3 | F34: 20.73 | G34: 2.5
A35: 19 | B35: 0.9116 | C35: 0.65 | D35: 10.2 | E35: 5.79 | F35: 26.15 | G35: 2
A36: 20 | B36: 0.8118 | C36: 0.52 | D36: 11.6 | E36: 4.61 | F36: 32.69 | G36: 1.6
A37: 21 | B37: 0.723 | C37: 0.41 | D37: 12.8 | E37: 3.64 | F37: 41.46 | G37: 1.2
A38: 22 | B38: 0.6438 | C38: 0.33 | D38: 14.4 | E38: 2.89 | F38: 51.5 | G38: 0.92
A39: 23 | B39: 0.5733 | C39: 0.26 | D39: 16 | E39: 2.29 | F39: 56.4 | G39: 0.73
A40: 24 | B40: 0.5106 | C40: 0.2 | D40: 18 | E40: 1.82 | F40: 85 | G40: 0.58
A41: 25 | B41: 0.4547 | C41: 0.16 | D41: 20 | E41: 1.44 | F41: 106.2 | G41: 0.46
... A60: 44 | B60: 0.0503 | C60: 0.002 | D60: 169.7 | E60: 0.018 | F60: 8500 | G60: 0.005

Sheet BARRAMENTO
A1: Dimensões Capacidade em amperes (60Hz)
A2: mm | B2: polegada | C2: 1 Barra nua | D2: 1 Barra pintada | E2: 2 Barras nuas | F2: 2 Barras pintadas | G2: 3 Barras nuas | H2: 3 Barras pintadas | I2: 4 Barras nuas | J2: 4 Barras pintadas
A3: 13 x 1,5 | B3: 1/2 x 1/16 | C3: 85 | D3: 95 | E3: 135 | F3: 150 | G3: 170 | H3: 190 | I3: 231 | J3: 258
A4: 10 x 2 | B4: 3/8 x 3/32 | C4: 90 | D4: 105 | E4: 142 | F4: 164 | G4: 180 | H4: 210 | I4: 245 | J4: 285
A5: 13 x 2 | B5: 1/2 x 3/32 | C5: 110 | D5: 125 | E5: 174 | F5: 196 | G5: 220 | H5: 250 | I5: 300 | J5: 340
A6: 15 x 2 | B6: 5/8 x 3/32 | C6: 140 | D6: 155 | E6: 220 | F6: 245 | G6: 280 | H6: 310 | I6: 380 | J6: 420
A7: 20 x 2 | B7: 3/4 x 3/32 | C7: 165 | D7: 180 | E7: 260 | F7: 284 | G7: 330 | H7: 350 | I7: 450 | J7: 490
A8: 10 x 3 | B8: 3/8 x 1/8 | C8: 110 | D8: 125 | E8: 174 | F8: 196 | G8: 220 | H8: 250 | I8: 300 | J8: 340
A9: 13 x 3 | B9: 1/2 x 1/8 | C9: 140 | D9: 155 | E9: 220 | F9: 245 | G9: 280 | H9: 310 | I9: 380 | J9: 420
A10: 15 x 3 | B10: 5/8 x 1/8 | C10: 165 | D10: 180 | E10: 260 | F10: 284 | G10: 330 | H10: 360 | I10: 450 | J10: 490
A11: 20 x 3 | B11: 3/4 x 1/8 | C11: 200 | D11: 220 | E11: 316 | F11: 348 | G11: 400 | H11: 440 | I11: 544 | J11: 596
A12: 22 x 3 | B12: 7/8 x 1/8 | C12: 230 | D12: 256 | E12: 363 | F12: 403 | G12: 480 | H12: 510 | I12: 625 | J12: 693
A13: 25 x 3 | B13: 1 x 1/8 | C13: 260 | D13: 285 | E13: 410 | F13: 450 | G13: 520 | H13: 570 | I13: 707 | J13: 775
A14: 50 x 3 | B14: 1.1/4 x 1/8 | C14: 310 | D14: 350 | E14: 490 | F14: 553 | G14: 620 | H14: 700 | I14: 843 | J14: 952
... A46: 80 x 8 | B46: 3 x 5/16 | C46: 1070 | D46: 1210 | E46: 1690 | F46: 1912 | G46: 2140 | H46: 2420 | I46: 2910 | J46: 3290

Sheet EQUIPAMENTOS
A1: DESCRIÇÃO DO EQUIPAMENTO | B1: POTÊNCIA (W) | C1: P1 (W) | D1: P2 (W) | E1: P3 (W) | F1: FP (COSf) | G1: REND | H1: POTENCIA (VA) | I1: POLOS | J1: TENSÃO (V)
A2: ILUMINAÇÃO
A3: LUMINÁRIA FLUORESCENTE 2x40W (REATOR) | B3: =MEDIAN(C3:E3) -> 80 | C3: 80 | F3: 0.52 | G3: 1 | H3: =(B3/F3)/G3 -> 153.84615 | I3: 1 | J3: 127
A4: LUMINÁRIA FLUORESCENTE 2x40W (REATOR) | B4: =MEDIAN(C4:E4) -> 80 | C4: 80 | F4: 0.52 | G4: 1 | H4: =(B4/F4)/G4 -> 153.84615 | I4: 2 | J4: 220
A5: LUMINÁRIA LED T8 2x18W | B5: =MEDIAN(C5:E5) -> 36 | C5: 36 | F5: 0.94 | G5: 1 | H5: =(B5/F5)/G5 -> 38.297872 | I5: 1 | J5: 127
A6: LUMINÁRIA LED T8 2x18W | B6: =MEDIAN(C6:E6) -> 36 | C6: 36 | F6: 0.94 | G6: 1 | H6: =(B6/F6)/G6 -> 38.297872 | I6: 2 | J6: 220
A7: LÂMPADA INCANDESCENTE 40W | B7: =MEDIAN(C7:E7) -> 40 | C7: 40 | F7: 1 | G7: 1 | H7: =(B7/F7)/G7 -> 40 | I7: 1 | J7: 127
A8: LÂMPADA INCANDESCENTE 60W | B8: =MEDIAN(C8:E8) -> 60 | C8: 60 | F8: 1 | G8: 1 | H8: =(B8/F8)/G8 -> 60 | I8: 1 | J8: 127
A9: LÂMPADA INCANDESCENTE 100W | B9: =MEDIAN(C9:E9) -> 100 | C9: 100 | F9: 1 | G9: 1 | H9: =(B9/F9)/G9 -> 100 | I9: 1 | J9: 127
A10: TOMADAS E EQUIPAMENTOS
A11: TUG | B11: =MEDIAN(C11:E11) -> 100 | C11: 100 | F11: 0.92 | G11: 1 | H11: =(B11/F11)/G11 -> 108.69565 | I11: 1 | J11: 127
A12: CAFETEIRA | B12: =MEDIAN(C12:E12) -> 750 | C12: 750 | D12: 800 | E12: 550 | F12: 1 | G12: 1 | H12: =(B12/F12)/G12 -> 750 | I12: 1 | J12: 127
A13: CHUVEIRO ELÉTRICO | B13: =MEDIAN(C13:E13) -> 5500 | C13: 5500 | D13: 4600 | E13: 6800 | F13: 1 | G13: 1 | H13: =(B13/F13)/G13 -> 5500 | I13: 2 | J13: 220
A14: FORNO MICROONDAS | B14: =MEDIAN(C14:E14) -> 1100 | C14: 1200 | D14: 1100 | E14: 620 | F14: 0.92 | G14: 1 | H14: =(B14/F14)/G14 -> 1195.6522 | I14: 1 | J14: 127
A15: GELADEIRA | B15: =MEDIAN(C15:E15) -> 67 | C15: 250 | D15: 67 | E15: 55 | F15: 0.92 | G15: 1 | H15: =(B15/F15)/G15 -> 72.826087 | I15: 1 | J15: 127
A16: FREEZER VERTICAL | B16: =MEDIAN(C16:E16) -> 64 | C16: 400 | D16: 64 | E16: 45 | F16: 0.92 | G16: 1 | H16: =(B16/F16)/G16 -> 69.565217 | I16: 1 | J16: 127
A17: SMART TV 32 POLEGADAS | B17: =MEDIAN(C17:E17) -> 59 | C17: 70 | D17: 48 | F17: 0.92 | G17: 1 | H17: =(B17/F17)/G17 -> 64.130435 | I17: 1 | J17: 127
A18: SMART TV 65 POLEGADAS | B18: =MEDIAN(C18:E18) -> 176 | C18: 200 | D18: 152 | F18: 0.92 | G18: 1 | H18: =(B18/F18)/G18 -> 191.30435 | I18: 1 | J18: 127
A19: PROJETOR | B19: =MEDIAN(C19:E19) -> 280 | C19: 250 | D19: 327 | E19: 280 | F19: 0.92 | G19: 1 | H19: =(B19/F19)/G19 -> 304.34783 | I19: 1 | J19: 127
A20: VENTILADOR DE TETO | B20: =MEDIAN(C20:E20) -> 150 | C20: 130 | D20: 150 | E20: 150 | F20: 0.92 | G20: 1 | H20: =(B20/F20)/G20 -> 163.04348 | I20: 1 | J20: 127
A21: VENTILADOR DE PAREDE | B21: =MEDIAN(C21:E21) -> 230 | C21: 200 | D21: 270 | E21: 230 | F21: 0.92 | G21: 1 | H21: =(B21/F21)/G21 -> 250 | I21: 1 | J21: 127
A22: MICRO COMPUTADOR | B22: =MEDIAN(C22:E22) -> 260 | C22: 460 | D22: 180 | E22: 260 | F22: 0.92 | G22: 1 | H22: =(B22/F22)/G22 -> 282.6087 | I22: 1 | J22: 127
A23: IMPRESSORA LASER | B23: =MEDIAN(C23:E23) -> 900 | C23: 900 | D23: 510 | E23: 1130 | F23: 0.92 | G23: 1 | H23: =(B23/F23)/G23 -> 978.26087 | I23: 1 | J23: 127
A24: IMPRESSORA JATO DE TINTA | B24: =MEDIAN(C24:E24) -> 27 | C24: 27 | D24: 12 | E24: 81 | F24: 0.92 | G24: 1 | H24: =(B24/F24)/G24 -> 29.347826 | I24: 1 | J24: 127
A25: AR CONDICIONADO DE JANELA
A26: 7500 BTU/h | B26: =MEDIAN(C26:E26) -> 754 | C26: 1000 | D26: 750 | E26: 754 | F26: 0.92 | G26: 1 | H26: =(B26/F26)/G26 -> 819.56522 | I26: 2 | J26: 220
A27: 10000BTU/h | B27: =MEDIAN(C27:E27) -> 1200 | C27: 993 | D27: 1200 | E27: 1250 | F27: 0.92 | G27: 1 | H27: =(B27/F27)/G27 -> 1304.3478 | I27: 2 | J27: 220
A28: 12000BTU/h | B28: =MEDIAN(C28:E28) -> 1189 | C28: 1600 | D28: 1160 | E28: 1189 | F28: 0.92 | G28: 1 | H28: =(B28/F28)/G28 -> 1292.3913 | I28: 2 | J28: 220
A29: 18000 BTU/h | B29: =MEDIAN(C29:E29) -> 1840 | C29: 1757 | D29: 1840 | E29: 2450 | F29: 0.92 | G29: 1 | H29: =(B29/F29)/G29 -> 2000 | I29: 2 | J29: 220
A30: 20000 BTU/h | B30: =MEDIAN(C30:E30) -> 2134 | C30: 2134 | D30: 2103 | E30: 2184 | F30: 0.92 | G30: 1 | H30: =(B30/F30)/G30 -> 2319.5652 | I30: 2 | J30: 220
A31: 30000 BTU/h | B31: =MEDIAN(C31:E31) -> 3190 | C31: 3150 | D31: 3230 | F31: 0.92 | G31: 1 | H31: =(B31/F31)/G31 -> 3467.3913 | I31: 2 | J31: 220
A32: AR CONDICIONADO SPLIT
A33: 9000 BTU/h | B33: =MEDIAN(C33:E33) -> 913 | C33: 913 | D33: 1210 | E33: 815 | F33: 0.92 | G33: 1 | H33: =(B33/F33)/G33 -> 992.3913 | I33: 2 | J33: 220
A34: 12000 BTU/h | B34: =MEDIAN(C34:E34) -> 1129 | C34: 1212 | D34: 1085 | E34: 1129 | F34: 0.92 | G34: 1 | H34: =(B34/F34)/G34 -> 1227.1739 | I34: 2 | J34: 220
A35: 18000 BTU/h | B35: =MEDIAN(C35:E35) -> 1630 | C35: 1628 | D35: 1630 | E35: 1671 | F35: 0.92 | G35: 1 | H35: =(B35/F35)/G35 -> 1771.7391 | I35: 2 | J35: 220
A36: 24000 BTU/h | B36: =MEDIAN(C36:E36) -> 2150 | C36: 2012 | D36: 2170 | E36: 2150 | F36: 0.92 | G36: 1 | H36: =(B36/F36)/G36 -> 2336.9565 | I36: 2 | J36: 220
A37: 30000 BTU/h | B37: =MEDIAN(C37:E37) -> 2752 | C37: 2559 | D37: 2752 | E37: 2868 | F37: 0.92 | G37: 1 | H37: =(B37/F37)/G37 -> 2991.3043 | I37: 2 | J37: 220
A38: 36000 BTU/h | B38: =MEDIAN(C38:E38) -> 3576 | C38: 3576 | D38: 3084 | E38: 4722 | F38: 0.92 | G38: 1 | H38: =(B38/F38)/G38 -> 3886.9565 | I38: 3 | J38: 220
A39: 48000 BTU/h | B39: =MEDIAN(C39:E39) -> 4345 | C39: 3471 | D39: 4345 | E39: 5400 | F39: 0.92 | G39: 1 | H39: =(B39/F39)/G39 -> 4722.8261 | I39: 3 | J39: 220
A40: 60000 BTU/h | B40: =MEDIAN(C40:E40) -> 6688 | C40: 6688 | D40: 6739 | E40: 6234 | F40: 0.92 | G40: 1 | H40: =(B40/F40)/G40 -> 7269.5652 | I40: 3 | J40: 220
A41: AR CONDICIONADO SPLIT INVERTER
A42: 9000 BTU/h | B42: =MEDIAN(C42:E42) -> 815 | C42: 801 | D42: 815 | E42: 849 | F42: 0.92 | G42: 1 | H42: =(B42/F42)/G42 -> 885.86957 | I42: 2 | J42: 220
A43: 12000 BTU/h | B43: =MEDIAN(C43:E43) -> 1130 | C43: 1130 | D43: 730 | E43: 1370 | F43: 0.92 | G43: 1 | H43: =(B43/F43)/G43 -> 1228.2609 | I43: 2 | J43: 220
A44: 18000 BTU/h | B44: =MEDIAN(C44:E44) -> 1540 | C44: 1758 | D44: 1540 | E44: 1470 | F44: 0.92 | G44: 1 | H44: =(B44/F44)/G44 -> 1673.913 | I44: 2 | J44: 220
A45: 24000 BTU/h | B45: =MEDIAN(C45:E45) -> 2300 | C45: 2557 | D45: 2300 | E45: 2240 | F45: 0.92 | G45: 1 | H45: =(B45/F45)/G45 -> 2500 | I45: 2 | J45: 220
A46: 30000 BTU/h | B46: =MEDIAN(C46:E46) -> 2800 | C46: 2850 | D46: 2600 | E46: 2800 | F46: 0.92 | G46: 1 | H46: =(B46/F46)/G46 -> 3043.4783 | I46: 2 | J46: 220
A47: 36000 BTU/h | B47: =MEDIAN(C47:E47) -> 3553 | C47: 3360 | D47: 3600 | E47: 3553 | F47: 0.92 | G47: 1 | H47: =(B47/F47)/G47 -> 3861.9565 | I47: 3 | J47: 220
A48: 48000 BTU/h | B48: =MEDIAN(C48:E48) -> 4108 | C48: 4108 | D48: 6050 | E48: 2935 | F48: 0.92 | G48: 1 | H48: =(B48/F48)/G48 -> 4465.2174 | I48: 3 | J48: 220
A49: 60000 BTU/h | B49: =MEDIAN(C49:E49) -> 5540 | C49: 5540 | D49: 6962 | E49: 3298 | F49: 0.92 | G49: 1 | H49: =(B49/F49)/G49 -> 6021.7391 | I49: 3 | J49: 220

Sheet FIOS POR TUBO
A1: SEÇÃO NOMINAL mm² | B1: QUANTIDADE DE CABOS Noflam BWF 750V
B2: 3 | C2: 4 | D2: 5 | E2: 6 | F2: 7 | G2: 8 | H2: 9 | I2: 10 | J2: 11 | K2: 12
B3: TAMANHO NOMINAL DOS ELETRODUTOS, EM MILÍMETROS CONFORME NBR-5624 (EB-568)
A4: 1.5 | B4: 16 | C4: 16 | D4: 16 | E4: 16 | F4: 16 | G4: 16 | H4: 20 | I4: 20 | J4: 20 | K4: 20
A5: 2.5 | B5: 16 | C5: 16 | D5: 16 | E5: 20 | F5: 20 | G5: 20 | H5: 25 | I5: 25 | J5: 25 | K5: 25
A6: 4 | B6: 16 | C6: 20 | D6: 20 | E6: 20 | F6: 25 | G6: 25 | H6: 25 | I6: 25 | J6: 31 | K6: 31
A7: 6 | B7: 16 | C7: 20 | D7: 20 | E7: 25 | F7: 25 | G7: 25 | H7: 31 | I7: 31 | J7: 31 | K7: 31
A8: 10 | B8: 20 | C8: 25 | D8: 25 | E8: 31 | F8: 31 | G8: 31 | H8: 31 | I8: 31 | J8: 41 | K8: 41
A9: 16 | B9: 25 | C9: 25 | D9: 31 | E9: 31 | F9: 31 | G9: 41 | H9: 41 | I9: 41 | J9: 41 | K9: 41
A10: 25 | B10: 31 | C10: 31 | D10: 41 | E10: 41 | F10: 41 | G10: 47 | H10: 47 | I10: 47 | J10: 59 | K10: 59
A11: 35 | B11: 31 | C11: 41 | D11: 41 | E11: 41 | F11: 47 | G11: 47 | H11: 59 | I11: 59 | J11: 59 | K11: 59
A12: 50 | B12: 41 | C12: 41 | D12: 47 | E12: 59 | F12: 59 | G12: 59 | H12: 59 | I12: 75 | J12: 75 | K12: 75
A13: 70 | B13: 41 | C13: 47 | D13: 59 | E13: 59 | F13: 59 | G13: 75 | H13: 75 | I13: 75 | J13: 75 | K13: 75
A14: 95 | B14: 47 | C14: 59 | D14: 59 | E14: 75 | F14: 75 | G14: 75 | H14: 88 | I14: 88 | J14: 88 | K14: 88
A15: 120 | B15: 59 | C15: 75 | D15: 75 | E15: 75 | F15: 88 | G15: 88 | H15: 88 | I15: 100 | J15: 100 | K15: 113
... A21: 500 | B21: 100 | C21: 0 | D21: 0 | E21: 0 | F21: 0 | G21: 0 | H21: 0 | I21: 0 | J21: 0 | K21: 0
A22: TAMANHO NOMINAL DOS ELETRODUTOS RÍGIDOS DE AÇO-CARBONO, EQUIVALÊNCIA
A23: 16 | B23: 20 | C23: 25 | D23: 31 | E23: 41 | F23: 47 | G23: 59 | H23: 75 | I23: 88 | J23: 100 | K23: 113
A24: 0.5 | B24: 0.75 | C24: 1 | D24: 1.25 | E24: 1.5 | F24: 2 | G24: 2.5 | H24: 3 | I24: 3.5 | J24: 4 | K24: 4.5

Sheet QUEDA DE TENSÃO
A1: QUEDA DE TENSÃO (Watt x Metro)
A2: mm² | B2: 0.01 | D2: 0.02 | F2: 0.03 | H2: 0.04 | J2: 0.05
B3: 127V | C3: 220V | D3: 127V | E3: 220V | F3: 127V | G3: 220V | H3: 127V | I3: 220V | J3: 127V | K3: 220V
A4: 1.5 | B4: 7016 | C4: 21054 | D4: =B4*2 -> 14032 | E4: =C4*2 -> 42108 | F4: =B4*3 -> 21048 | G4: =C4*3 -> 63162 | H4: =B4*4 -> 28064 | I4: =C4*4 -> 84216 | J4: =B4*5 -> 35080 | K4: =C4*5 -> 105270
A5: 2.5 | B5: 11694 | C5: 35091 | D5: =B5*2 -> 23388 | E5: =C5*2 -> 70182 | F5: =B5*3 -> 35082 | G5: =C5*3 -> 105273 | H5: =B5*4 -> 46776 | I5: =C5*4 -> 140364 | J5: =B5*5 -> 58470 | K5: =C5*5 -> 175455
A6: 4 | B6: 18710 | C6: 56145 | D6: =B6*2 -> 37420 | E6: =C6*2 -> 112290 | F6: =B6*3 -> 56130 | G6: =C6*3 -> 168435 | H6: =B6*4 -> 74840 | I6: =C6*4 -> 224580 | J6: =B6*5 -> 93550 | K6: =C6*5 -> 280725
A7: 6 | B7: 28065 | C7: 84218 | D7: =B7*2 -> 56130 | E7: =C7*2 -> 168436 | F7: =B7*3 -> 84195 | G7: =C7*3 -> 252654 | H7: =B7*4 -> 112260 | I7: =C7*4 -> 336872 | J7: =B7*5 -> 140325 | K7: =C7*5 -> 421090
A8: 10 | B8: 46775 | C8: 140363 | D8: =B8*2 -> 93550 | E8: =C8*2 -> 280726 | F8: =B8*3 -> 140325 | G8: =C8*3 -> 421089 | H8: =B8*4 -> 187100 | I8: =C8*4 -> 561452 | J8: =B8*5 -> 233875 | K8: =C8*5 -> 701815
A9: 16 | B9: 74840 | C9: 224581 | D9: =B9*2 -> 149680 | E9: =C9*2 -> 449162 | F9: =B9*3 -> 224520 | G9: =C9*3 -> 673743 | H9: =B9*4 -> 299360 | I9: =C9*4 -> 898324 | J9: =B9*5 -> 374200 | K9: =C9*5 -> 1122905
A10: 25 | B10: 116938 | C10: 350908 | D10: =B10*2 -> 233876 | E10: =C10*2 -> 701816 | F10: =B10*3 -> 350814 | G10: =C10*3 -> 1052724 | H10: =B10*4 -> 467752 | I10: =C10*4 -> 1403632 | J10: =B10*5 -> 584690 | K10: =C10*5 -> 1754540
A11: 35 | B11: 163713 | C11: 491271 | D11: =B11*2 -> 327426 | E11: =C11*2 -> 982542 | F11: =B11*3 -> 491139 | G11: =C11*3 -> 1473813 | H11: =B11*4 -> 654852 | I11: =C11*4 -> 1965084 | J11: =B11*5 -> 818565 | K11: =C11*5 -> 2456355
A12: 50 | B12: 233876 | C12: 701815 | D12: =B12*2 -> 467752 | E12: =C12*2 -> 1403630 | F12: =B12*3 -> 701628 | G12: =C12*3 -> 2105445 | H12: =B12*4 -> 935504 | I12: =C12*4 -> 2807260 | J12: =B12*5 -> 1169380 | K12: =C12*5 -> 3509075
A13: 70 | B13: 327426 | C13: 982542 | D13: =B13*2 -> 654852 | E13: =C13*2 -> 1965084 | F13: =B13*3 -> 982278 | G13: =C13*3 -> 2947626 | H13: =B13*4 -> 1309704 | I13: =C13*4 -> 3930168 | J13: =B13*5 -> 1637130 | K13: =C13*5 -> 4912710
A14: 95 | B14: 444364 | C14: 1333449 | D14: =B14*2 -> 888728 | E14: =C14*2 -> 2666898 | F14: =B14*3 -> 1333092 | G14: =C14*3 -> 4000347 | H14: =B14*4 -> 1777456 | I14: =C14*4 -> 5333796 | J14: =B14*5 -> 2221820 | K14: =C14*5 -> 6667245
A15: 120 | B15: 561302 | C15: 1684357 | D15: =B15*2 -> 1122604 | E15: =C15*2 -> 3368714 | F15: =B15*3 -> 1683906 | G15: =C15*3 -> 5053071 | H15: =B15*4 -> 2245208 | I15: =C15*4 -> 6737428 | J15: =B15*5 -> 2806510 | K15: =C15*5 -> 8421785
... A21: 500 | B21: 2338756 | C21: 7018154 | D21: =B21*2 -> 4677512 | E21: =C21*2 -> 14036308 | F21: =B21*3 -> 7016268 | G21: =C21*3 -> 21054462 | H21: =B21*4 -> 9355024 | I21: =C21*4 -> 28072616 | J21: =B21*5 -> 11693780 | K21: =C21*5 -> 35090770

Sheet NEUTRO
A1: Seções de condutores fase (mm²) | B1: Seção mínima do condutor NEUTRO (mm²)
A2: 0.5 | B2: 0.5
A3: 0.75 | B3: 0.75
A4: 1 | B4: 1
A5: 1.5 | B5: 1.5
A6: 2.5 | B6: 2.5
A7: 4 | B7: 4
A8: 6 | B8: 6
A9: 10 | B9: 10
A10: 16 | B10: 16
A11: 25 | B11: 25
A12: 35 | B12: 25
A13: 50 | B13: 25
... A25: 1000 | B25: 500

Sheet TERRA
A1: Seções de condutores fase (mm²) | B1: Seção mínima do condutor TERRA (mm²)
A2: 0.5 | B2: 0.5
A3: 0.75 | B3: 0.75
A4: 1 | B4: 1
A5: 1.5 | B5: 1.5
A6: 2.5 | B6: 2.5
A7: 4 | B7: 4
A8: 6 | B8: 6
A9: 10 | B9: 10
A10: 16 | B10: 16
A11: 25 | B11: 16
A12: 35 | B12: 16
A13: 50 | B13: 25
... A25: 1000 | B25: 500

Sheet CAIXA DE PASSAGEM
A1: D TUBOS | B1: B
B2: 0.5 | C2: 0.75 | D2: 1 | E2: 1.25 | F2: 1.5 | G2: 2 | H2: 2.5 | I2: 3 | J2: 3.5 | K2: 4
A3: 0.5 | B3: 32
A4: 0.75 | B4: 36 | C4: 40
A5: 1 | B5: 41 | C5: 45 | D5: 50
A6: 1.25 | B6: 47 | C6: 51 | D6: 56 | E6: 62
A7: 1.5 | B7: 49 | C7: 53 | D7: 58 | E7: 64 | F7: 63
A8: 2 | B8: 58 | C8: 62 | D8: 67 | E8: 73 | F8: 75 | G8: 84
A9: 2.5 | B9: 64 | C9: 68 | D9: 73 | E9: 79 | F9: 81 | G9: 90 | H9: 96
A10: 3 | B10: 75 | C10: 77 | D10: 82 | E10: 88 | F10: 90 | G10: 99 | H10: 105 | I10: 114
A11: 3.5 | B11: 81 | C11: 85 | D11: 90 | E11: 96 | F11: 98 | G11: 107 | H11: 113 | I11: 122 | J11: 130
A12: 4 | B12: 90 | C12: 94 | D12: 99 | E12: 105 | F12: 107 | G12: 116 | H12: 122 | I12: 131 | J12: 139 | K12: 148
A14: TUBOS | B14: 0.5 | C14: 0.75 | D14: 1 | E14: 1.25 | F14: 1.5 | G14: 2 | H14: 2.5 | I14: 3 | J14: 3.5 | K14: 4
A15: A | B15: 27 | C15: 31 | D15: 35 | E15: 41 | F15: 43 | G15: 52 | H15: 58 | I15: 67 | J15: 74 | K15: 84
A17: CAIXA EM ÂNGULO
A18: TUBO | B18: R
A19: 0.5 | B19: 10
A20: 0.75 | B20: 12
A21: 1 | B21: 15
A22: 1.25 | B22: 19
A23: 1.5 | B23: 21
A24: 2 | B24: 22
A25: 2.5 | B25: 27
A26: 3 | B26: 38
A28: H=8X O MAIOR DIÂMETRO

Sheet ÁREA DO CABO 90°C
A1: ÁREA DOS CABOS HEPR - 0,6-1KV - 90°C
A2: BITOLA (mm²) | B2: DIÂMETRO EXTERNO | C2: ÁREA (mm²) | D2: PESO (Kg/m)
A3: 500 | B3: 38 | C3: =(PI()*B3^2)/4 -> 1134.1149 | D3: 4.738
A4: 400 | B4: 33.9 | C4: =(PI()*B4^2)/4 -> 902.58742 | D4: 3.842
A5: 300 | B5: 29.8 | C5: =(PI()*B5^2)/4 -> 697.46499 | D5: 2.867
A6: 240 | B6: 27.3 | C6: =(PI()*B6^2)/4 -> 585.3494 | D6: 2.277
A7: 185 | B7: 23.4 | C7: =(PI()*B7^2)/4 -> 430.05262 | D7: 1.712
A8: 150 | B8: 21.2 | C8: =(PI()*B8^2)/4 -> 352.98935 | D8: 1.423
A9: 120 | B9: 19 | C9: =(PI()*B9^2)/4 -> 283.52874 | D9: 1.13
A10: 95 | B10: 17 | C10: =(PI()*B10^2)/4 -> 226.98007 | D10: 0.899
A11: 70 | B11: 15.4 | C11: =(PI()*B11^2)/4 -> 186.26503 | D11: 0.685
A12: 50 | B12: 14 | C12: =(PI()*B12^2)/4 -> 153.93804 | D12: 0.509
A13: 35 | B13: 11.3 | C13: =(PI()*B13^2)/4 -> 100.28749 | D13: 0.361
A14: 25 | B14: 10.4 | C14: =(PI()*B14^2)/4 -> 84.948665 | D14: 0.274
... A20: 1.5 | B20: 4.7 | C20: =(PI()*B20^2)/4 -> 17.349445 | D20: 0.033
